{
	"@Tool": "github.com/davyxu/tabtoy",
	"@Version": "",
	"HeroAvatarData": [
		{
			"alphaResName": "alpha01",
			"id": "01",
			"resName": "01"
		},
		{
			"alphaResName": "alpha11",
			"id": "11",
			"resName": "11"
		},
		{
			"alphaResName": "alpha21",
			"id": "21",
			"resName": "21"
		},
		{
			"alphaResName": "alpha31",
			"id": "31",
			"resName": "31"
		},
		{
			"alphaResName": "alpha41",
			"id": "41",
			"resName": "41"
		},
		{
			"alphaResName": "alpha51",
			"id": "51",
			"resName": "51"
		},
		{
			"alphaResName": "alpha61",
			"id": "61",
			"resName": "61"
		},
		{
			"alphaResName": "alpha71",
			"id": "71",
			"resName": "71"
		},
		{
			"alphaResName": "alpha81",
			"id": "81",
			"resName": "81"
		},
		{
			"alphaResName": "alpha91",
			"id": "91",
			"resName": "91"
		},
		{
			"alphaResName": "alphaa1",
			"id": "a1",
			"resName": "a1"
		},
		{
			"alphaResName": "alphab1",
			"id": "b1",
			"resName": "b1"
		},
		{
			"alphaResName": "alphac1",
			"id": "c1",
			"resName": "c1"
		},
		{
			"alphaResName": "alphad1",
			"id": "d1",
			"resName": "d1"
		},
		{
			"alphaResName": "alphae1",
			"id": "e1",
			"resName": "e1"
		},
		{
			"alphaResName": "alphaf1",
			"id": "f1",
			"resName": "f1"
		},
		{
			"alphaResName": "alphag1",
			"id": "g1",
			"resName": "g1"
		},
		{
			"alphaResName": "alphah1",
			"id": "h1",
			"resName": "h1"
		},
		{
			"alphaResName": "alphai1",
			"id": "i1",
			"resName": "i1"
		},
		{
			"alphaResName": "alphaj1",
			"id": "j1",
			"resName": "j1"
		},
		{
			"alphaResName": "alphak1",
			"id": "k1",
			"resName": "k1"
		},
		{
			"alphaResName": "alphal1",
			"id": "l1",
			"resName": "l1"
		},
		{
			"alphaResName": "alpham1",
			"id": "m1",
			"resName": "m1"
		},
		{
			"alphaResName": "alphan1",
			"id": "n1",
			"resName": "n1"
		},
		{
			"alphaResName": "alphao1",
			"id": "o1",
			"resName": "o1"
		},
		{
			"alphaResName": "alphap1",
			"id": "p1",
			"resName": "p1"
		},
		{
			"alphaResName": "alphaq1",
			"id": "q1",
			"resName": "q1"
		},
		{
			"alphaResName": "alphar1",
			"id": "r1",
			"resName": "r1"
		},
		{
			"alphaResName": "alphas1",
			"id": "s1",
			"resName": "s1"
		},
		{
			"alphaResName": "alphat1",
			"id": "t1",
			"resName": "t1"
		},
		{
			"alphaResName": "alphau1",
			"id": "u1",
			"resName": "u1"
		},
		{
			"alphaResName": "alphav1",
			"id": "v1",
			"resName": "v1"
		},
		{
			"alphaResName": "alphaw1",
			"id": "w1",
			"resName": "w1"
		},
		{
			"alphaResName": "alphax1",
			"id": "x1",
			"resName": "x1"
		},
		{
			"alphaResName": "alphay1",
			"id": "y1",
			"resName": "y1"
		},
		{
			"alphaResName": "alphaz1",
			"id": "z1",
			"resName": "z1"
		},
		{
			"alphaResName": "alpha02",
			"id": "02",
			"resName": "02"
		},
		{
			"alphaResName": "alpha12",
			"id": "12",
			"resName": "12"
		},
		{
			"alphaResName": "alpha22",
			"id": "22",
			"resName": "22"
		},
		{
			"alphaResName": "alpha32",
			"id": "32",
			"resName": "32"
		},
		{
			"alphaResName": "alpha42",
			"id": "42",
			"resName": "42"
		},
		{
			"alphaResName": "alpha52",
			"id": "52",
			"resName": "52"
		},
		{
			"alphaResName": "alpha62",
			"id": "62",
			"resName": "62"
		},
		{
			"alphaResName": "alpha72",
			"id": "72",
			"resName": "72"
		},
		{
			"alphaResName": "alpha82",
			"id": "82",
			"resName": "82"
		},
		{
			"alphaResName": "alpha92",
			"id": "92",
			"resName": "92"
		},
		{
			"alphaResName": "alphaa2",
			"id": "a2",
			"resName": "a2"
		},
		{
			"alphaResName": "alphab2",
			"id": "b2",
			"resName": "b2"
		},
		{
			"alphaResName": "alphac2",
			"id": "c2",
			"resName": "c2"
		},
		{
			"alphaResName": "alphad2",
			"id": "d2",
			"resName": "d2"
		},
		{
			"alphaResName": "alphae2",
			"id": "e2",
			"resName": "e2"
		},
		{
			"alphaResName": "alphaf2",
			"id": "f2",
			"resName": "f2"
		},
		{
			"alphaResName": "alphag2",
			"id": "g2",
			"resName": "g2"
		},
		{
			"alphaResName": "alphah2",
			"id": "h2",
			"resName": "h2"
		},
		{
			"alphaResName": "alphai2",
			"id": "i2",
			"resName": "i2"
		},
		{
			"alphaResName": "alphaj2",
			"id": "j2",
			"resName": "j2"
		},
		{
			"alphaResName": "alphak2",
			"id": "k2",
			"resName": "k2"
		},
		{
			"alphaResName": "alphal2",
			"id": "l2",
			"resName": "l2"
		},
		{
			"alphaResName": "alpham2",
			"id": "m2",
			"resName": "m2"
		},
		{
			"alphaResName": "alphan2",
			"id": "n2",
			"resName": "n2"
		},
		{
			"alphaResName": "alphao2",
			"id": "o2",
			"resName": "o2"
		},
		{
			"alphaResName": "alphap2",
			"id": "p2",
			"resName": "p2"
		},
		{
			"alphaResName": "alphaq2",
			"id": "q2",
			"resName": "q2"
		},
		{
			"alphaResName": "alphar2",
			"id": "r2",
			"resName": "r2"
		},
		{
			"alphaResName": "alphas2",
			"id": "s2",
			"resName": "s2"
		},
		{
			"alphaResName": "alphat2",
			"id": "t2",
			"resName": "t2"
		},
		{
			"alphaResName": "alphau2",
			"id": "u2",
			"resName": "u2"
		},
		{
			"alphaResName": "alphav2",
			"id": "v2",
			"resName": "v2"
		},
		{
			"alphaResName": "alphaw2",
			"id": "w2",
			"resName": "w2"
		},
		{
			"alphaResName": "alphax2",
			"id": "x2",
			"resName": "x2"
		},
		{
			"alphaResName": "alphay2",
			"id": "y2",
			"resName": "y2"
		},
		{
			"alphaResName": "alphaz2",
			"id": "z2",
			"resName": "z2"
		},
		{
			"alphaResName": "alpha03",
			"id": "03",
			"resName": "03"
		},
		{
			"alphaResName": "alpha13",
			"id": "13",
			"resName": "13"
		},
		{
			"alphaResName": "alpha23",
			"id": "23",
			"resName": "23"
		},
		{
			"alphaResName": "alpha33",
			"id": "33",
			"resName": "33"
		},
		{
			"alphaResName": "alpha43",
			"id": "43",
			"resName": "43"
		},
		{
			"alphaResName": "alpha53",
			"id": "53",
			"resName": "53"
		},
		{
			"alphaResName": "alpha63",
			"id": "63",
			"resName": "63"
		},
		{
			"alphaResName": "alpha73",
			"id": "73",
			"resName": "73"
		},
		{
			"alphaResName": "alpha83",
			"id": "83",
			"resName": "83"
		},
		{
			"alphaResName": "alpha93",
			"id": "93",
			"resName": "93"
		},
		{
			"alphaResName": "alphaa3",
			"id": "a3",
			"resName": "a3"
		},
		{
			"alphaResName": "alphab3",
			"id": "b3",
			"resName": "b3"
		},
		{
			"alphaResName": "alphac3",
			"id": "c3",
			"resName": "c3"
		},
		{
			"alphaResName": "alphad3",
			"id": "d3",
			"resName": "d3"
		},
		{
			"alphaResName": "alphae3",
			"id": "e3",
			"resName": "e3"
		},
		{
			"alphaResName": "alphaf3",
			"id": "f3",
			"resName": "f3"
		},
		{
			"alphaResName": "alphag3",
			"id": "g3",
			"resName": "g3"
		},
		{
			"alphaResName": "alphah3",
			"id": "h3",
			"resName": "h3"
		},
		{
			"alphaResName": "alphai3",
			"id": "i3",
			"resName": "i3"
		},
		{
			"alphaResName": "alphaj3",
			"id": "j3",
			"resName": "j3"
		},
		{
			"alphaResName": "alphak3",
			"id": "k3",
			"resName": "k3"
		},
		{
			"alphaResName": "alphal3",
			"id": "l3",
			"resName": "l3"
		},
		{
			"alphaResName": "alpham3",
			"id": "m3",
			"resName": "m3"
		},
		{
			"alphaResName": "alphan3",
			"id": "n3",
			"resName": "n3"
		},
		{
			"alphaResName": "alphao3",
			"id": "o3",
			"resName": "o3"
		},
		{
			"alphaResName": "alphap3",
			"id": "p3",
			"resName": "p3"
		},
		{
			"alphaResName": "alphaq3",
			"id": "q3",
			"resName": "q3"
		},
		{
			"alphaResName": "alphar3",
			"id": "r3",
			"resName": "r3"
		},
		{
			"alphaResName": "alphas3",
			"id": "s3",
			"resName": "s3"
		},
		{
			"alphaResName": "alphat3",
			"id": "t3",
			"resName": "t3"
		},
		{
			"alphaResName": "alphau3",
			"id": "u3",
			"resName": "u3"
		},
		{
			"alphaResName": "alphav3",
			"id": "v3",
			"resName": "v3"
		},
		{
			"alphaResName": "alphaw3",
			"id": "w3",
			"resName": "w3"
		},
		{
			"alphaResName": "alphax3",
			"id": "x3",
			"resName": "x3"
		},
		{
			"alphaResName": "alphay3",
			"id": "y3",
			"resName": "y3"
		},
		{
			"alphaResName": "alphaz3",
			"id": "z3",
			"resName": "z3"
		},
		{
			"alphaResName": "alpha04",
			"id": "04",
			"resName": "04"
		},
		{
			"alphaResName": "alpha14",
			"id": "14",
			"resName": "14"
		},
		{
			"alphaResName": "alpha24",
			"id": "24",
			"resName": "24"
		},
		{
			"alphaResName": "alpha34",
			"id": "34",
			"resName": "34"
		},
		{
			"alphaResName": "alpha44",
			"id": "44",
			"resName": "44"
		},
		{
			"alphaResName": "alpha54",
			"id": "54",
			"resName": "54"
		},
		{
			"alphaResName": "alpha64",
			"id": "64",
			"resName": "64"
		},
		{
			"alphaResName": "alpha74",
			"id": "74",
			"resName": "74"
		},
		{
			"alphaResName": "alpha84",
			"id": "84",
			"resName": "84"
		},
		{
			"alphaResName": "alpha94",
			"id": "94",
			"resName": "94"
		},
		{
			"alphaResName": "alphaa4",
			"id": "a4",
			"resName": "a4"
		},
		{
			"alphaResName": "alphab4",
			"id": "b4",
			"resName": "b4"
		},
		{
			"alphaResName": "alphac4",
			"id": "c4",
			"resName": "c4"
		},
		{
			"alphaResName": "alphad4",
			"id": "d4",
			"resName": "d4"
		},
		{
			"alphaResName": "alphae4",
			"id": "e4",
			"resName": "e4"
		},
		{
			"alphaResName": "alphaf4",
			"id": "f4",
			"resName": "f4"
		},
		{
			"alphaResName": "alphag4",
			"id": "g4",
			"resName": "g4"
		},
		{
			"alphaResName": "alphah4",
			"id": "h4",
			"resName": "h4"
		},
		{
			"alphaResName": "alphai4",
			"id": "i4",
			"resName": "i4"
		},
		{
			"alphaResName": "alphaj4",
			"id": "j4",
			"resName": "j4"
		},
		{
			"alphaResName": "alphak4",
			"id": "k4",
			"resName": "k4"
		},
		{
			"alphaResName": "alphal4",
			"id": "l4",
			"resName": "l4"
		},
		{
			"alphaResName": "alpham4",
			"id": "m4",
			"resName": "m4"
		},
		{
			"alphaResName": "alphan4",
			"id": "n4",
			"resName": "n4"
		},
		{
			"alphaResName": "alphao4",
			"id": "o4",
			"resName": "o4"
		},
		{
			"alphaResName": "alphap4",
			"id": "p4",
			"resName": "p4"
		},
		{
			"alphaResName": "alphaq4",
			"id": "q4",
			"resName": "q4"
		},
		{
			"alphaResName": "alphar4",
			"id": "r4",
			"resName": "r4"
		},
		{
			"alphaResName": "alphas4",
			"id": "s4",
			"resName": "s4"
		},
		{
			"alphaResName": "alphat4",
			"id": "t4",
			"resName": "t4"
		},
		{
			"alphaResName": "alphau4",
			"id": "u4",
			"resName": "u4"
		},
		{
			"alphaResName": "alphav4",
			"id": "v4",
			"resName": "v4"
		},
		{
			"alphaResName": "alphaw4",
			"id": "w4",
			"resName": "w4"
		},
		{
			"alphaResName": "alphax4",
			"id": "x4",
			"resName": "x4"
		},
		{
			"alphaResName": "alphay4",
			"id": "y4",
			"resName": "y4"
		},
		{
			"alphaResName": "alphaz4",
			"id": "z4",
			"resName": "z4"
		},
		{
			"alphaResName": "alpha05",
			"id": "05",
			"resName": "05"
		},
		{
			"alphaResName": "alpha15",
			"id": "15",
			"resName": "15"
		},
		{
			"alphaResName": "alpha25",
			"id": "25",
			"resName": "25"
		},
		{
			"alphaResName": "alpha35",
			"id": "35",
			"resName": "35"
		},
		{
			"alphaResName": "alpha45",
			"id": "45",
			"resName": "45"
		},
		{
			"alphaResName": "alpha55",
			"id": "55",
			"resName": "55"
		},
		{
			"alphaResName": "alpha65",
			"id": "65",
			"resName": "65"
		},
		{
			"alphaResName": "alpha75",
			"id": "75",
			"resName": "75"
		},
		{
			"alphaResName": "alpha85",
			"id": "85",
			"resName": "85"
		},
		{
			"alphaResName": "alpha95",
			"id": "95",
			"resName": "95"
		},
		{
			"alphaResName": "alphaa5",
			"id": "a5",
			"resName": "a5"
		},
		{
			"alphaResName": "alphab5",
			"id": "b5",
			"resName": "b5"
		},
		{
			"alphaResName": "alphac5",
			"id": "c5",
			"resName": "c5"
		},
		{
			"alphaResName": "alphad5",
			"id": "d5",
			"resName": "d5"
		},
		{
			"alphaResName": "alphae5",
			"id": "e5",
			"resName": "e5"
		},
		{
			"alphaResName": "alphaf5",
			"id": "f5",
			"resName": "f5"
		},
		{
			"alphaResName": "alphag5",
			"id": "g5",
			"resName": "g5"
		},
		{
			"alphaResName": "alphah5",
			"id": "h5",
			"resName": "h5"
		},
		{
			"alphaResName": "alphai5",
			"id": "i5",
			"resName": "i5"
		},
		{
			"alphaResName": "alphaj5",
			"id": "j5",
			"resName": "j5"
		},
		{
			"alphaResName": "alphak5",
			"id": "k5",
			"resName": "k5"
		},
		{
			"alphaResName": "alphal5",
			"id": "l5",
			"resName": "l5"
		},
		{
			"alphaResName": "alpham5",
			"id": "m5",
			"resName": "m5"
		},
		{
			"alphaResName": "alphan5",
			"id": "n5",
			"resName": "n5"
		},
		{
			"alphaResName": "alphao5",
			"id": "o5",
			"resName": "o5"
		},
		{
			"alphaResName": "alphap5",
			"id": "p5",
			"resName": "p5"
		},
		{
			"alphaResName": "alphaq5",
			"id": "q5",
			"resName": "q5"
		},
		{
			"alphaResName": "alphar5",
			"id": "r5",
			"resName": "r5"
		},
		{
			"alphaResName": "alphas5",
			"id": "s5",
			"resName": "s5"
		},
		{
			"alphaResName": "alphat5",
			"id": "t5",
			"resName": "t5"
		},
		{
			"alphaResName": "alphau5",
			"id": "u5",
			"resName": "u5"
		},
		{
			"alphaResName": "alphav5",
			"id": "v5",
			"resName": "v5"
		},
		{
			"alphaResName": "alphaw5",
			"id": "w5",
			"resName": "w5"
		},
		{
			"alphaResName": "alphax5",
			"id": "x5",
			"resName": "x5"
		},
		{
			"alphaResName": "alphay5",
			"id": "y5",
			"resName": "y5"
		},
		{
			"alphaResName": "alphaz5",
			"id": "z5",
			"resName": "z5"
		},
		{
			"alphaResName": "alpha06",
			"id": "06",
			"resName": "06"
		},
		{
			"alphaResName": "alpha16",
			"id": "16",
			"resName": "16"
		},
		{
			"alphaResName": "alpha26",
			"id": "26",
			"resName": "26"
		},
		{
			"alphaResName": "alpha36",
			"id": "36",
			"resName": "36"
		},
		{
			"alphaResName": "alpha46",
			"id": "46",
			"resName": "46"
		},
		{
			"alphaResName": "alpha56",
			"id": "56",
			"resName": "56"
		},
		{
			"alphaResName": "alpha66",
			"id": "66",
			"resName": "66"
		},
		{
			"alphaResName": "alpha76",
			"id": "76",
			"resName": "76"
		},
		{
			"alphaResName": "alpha86",
			"id": "86",
			"resName": "86"
		},
		{
			"alphaResName": "alpha96",
			"id": "96",
			"resName": "96"
		},
		{
			"alphaResName": "alphaa6",
			"id": "a6",
			"resName": "a6"
		},
		{
			"alphaResName": "alphab6",
			"id": "b6",
			"resName": "b6"
		},
		{
			"alphaResName": "alphac6",
			"id": "c6",
			"resName": "c6"
		},
		{
			"alphaResName": "alphad6",
			"id": "d6",
			"resName": "d6"
		},
		{
			"alphaResName": "alphae6",
			"id": "e6",
			"resName": "e6"
		},
		{
			"alphaResName": "alphaf6",
			"id": "f6",
			"resName": "f6"
		},
		{
			"alphaResName": "alphag6",
			"id": "g6",
			"resName": "g6"
		},
		{
			"alphaResName": "alphah6",
			"id": "h6",
			"resName": "h6"
		},
		{
			"alphaResName": "alphai6",
			"id": "i6",
			"resName": "i6"
		},
		{
			"alphaResName": "alphaj6",
			"id": "j6",
			"resName": "j6"
		},
		{
			"alphaResName": "alphak6",
			"id": "k6",
			"resName": "k6"
		},
		{
			"alphaResName": "alphal6",
			"id": "l6",
			"resName": "l6"
		},
		{
			"alphaResName": "alpham6",
			"id": "m6",
			"resName": "m6"
		},
		{
			"alphaResName": "alphan6",
			"id": "n6",
			"resName": "n6"
		},
		{
			"alphaResName": "alphao6",
			"id": "o6",
			"resName": "o6"
		},
		{
			"alphaResName": "alphap6",
			"id": "p6",
			"resName": "p6"
		},
		{
			"alphaResName": "alphaq6",
			"id": "q6",
			"resName": "q6"
		},
		{
			"alphaResName": "alphar6",
			"id": "r6",
			"resName": "r6"
		},
		{
			"alphaResName": "alphas6",
			"id": "s6",
			"resName": "s6"
		},
		{
			"alphaResName": "alphat6",
			"id": "t6",
			"resName": "t6"
		},
		{
			"alphaResName": "alphau6",
			"id": "u6",
			"resName": "u6"
		},
		{
			"alphaResName": "alphav6",
			"id": "v6",
			"resName": "v6"
		},
		{
			"alphaResName": "alphaw6",
			"id": "w6",
			"resName": "w6"
		},
		{
			"alphaResName": "alphax6",
			"id": "x6",
			"resName": "x6"
		},
		{
			"alphaResName": "alphay6",
			"id": "y6",
			"resName": "y6"
		},
		{
			"alphaResName": "alphaz6",
			"id": "z6",
			"resName": "z6"
		},
		{
			"alphaResName": "alpha07",
			"id": "07",
			"resName": "07"
		},
		{
			"alphaResName": "alpha17",
			"id": "17",
			"resName": "17"
		},
		{
			"alphaResName": "alpha27",
			"id": "27",
			"resName": "27"
		},
		{
			"alphaResName": "alpha37",
			"id": "37",
			"resName": "37"
		},
		{
			"alphaResName": "alpha47",
			"id": "47",
			"resName": "47"
		},
		{
			"alphaResName": "alpha57",
			"id": "57",
			"resName": "57"
		},
		{
			"alphaResName": "alpha67",
			"id": "67",
			"resName": "67"
		},
		{
			"alphaResName": "alpha77",
			"id": "77",
			"resName": "77"
		},
		{
			"alphaResName": "alpha87",
			"id": "87",
			"resName": "87"
		},
		{
			"alphaResName": "alpha97",
			"id": "97",
			"resName": "97"
		},
		{
			"alphaResName": "alphaa7",
			"id": "a7",
			"resName": "a7"
		},
		{
			"alphaResName": "alphab7",
			"id": "b7",
			"resName": "b7"
		},
		{
			"alphaResName": "alphac7",
			"id": "c7",
			"resName": "c7"
		},
		{
			"alphaResName": "alphad7",
			"id": "d7",
			"resName": "d7"
		},
		{
			"alphaResName": "alphae7",
			"id": "e7",
			"resName": "e7"
		},
		{
			"alphaResName": "alphaf7",
			"id": "f7",
			"resName": "f7"
		},
		{
			"alphaResName": "alphag7",
			"id": "g7",
			"resName": "g7"
		},
		{
			"alphaResName": "alphah7",
			"id": "h7",
			"resName": "h7"
		},
		{
			"alphaResName": "alphai7",
			"id": "i7",
			"resName": "i7"
		},
		{
			"alphaResName": "alphaj7",
			"id": "j7",
			"resName": "j7"
		},
		{
			"alphaResName": "alphak7",
			"id": "k7",
			"resName": "k7"
		},
		{
			"alphaResName": "alphal7",
			"id": "l7",
			"resName": "l7"
		},
		{
			"alphaResName": "alpham7",
			"id": "m7",
			"resName": "m7"
		},
		{
			"alphaResName": "alphan7",
			"id": "n7",
			"resName": "n7"
		},
		{
			"alphaResName": "alphao7",
			"id": "o7",
			"resName": "o7"
		},
		{
			"alphaResName": "alphap7",
			"id": "p7",
			"resName": "p7"
		},
		{
			"alphaResName": "alphaq7",
			"id": "q7",
			"resName": "q7"
		},
		{
			"alphaResName": "alphar7",
			"id": "r7",
			"resName": "r7"
		},
		{
			"alphaResName": "alphas7",
			"id": "s7",
			"resName": "s7"
		},
		{
			"alphaResName": "alphat7",
			"id": "t7",
			"resName": "t7"
		},
		{
			"alphaResName": "alphau7",
			"id": "u7",
			"resName": "u7"
		},
		{
			"alphaResName": "alphav7",
			"id": "v7",
			"resName": "v7"
		},
		{
			"alphaResName": "alphaw7",
			"id": "w7",
			"resName": "w7"
		},
		{
			"alphaResName": "alphax7",
			"id": "x7",
			"resName": "x7"
		},
		{
			"alphaResName": "alphay7",
			"id": "y7",
			"resName": "y7"
		},
		{
			"alphaResName": "alphaz7",
			"id": "z7",
			"resName": "z7"
		},
		{
			"alphaResName": "alpha08",
			"id": "08",
			"resName": "08"
		},
		{
			"alphaResName": "alpha18",
			"id": "18",
			"resName": "18"
		},
		{
			"alphaResName": "alpha28",
			"id": "28",
			"resName": "28"
		},
		{
			"alphaResName": "alpha38",
			"id": "38",
			"resName": "38"
		},
		{
			"alphaResName": "alpha48",
			"id": "48",
			"resName": "48"
		},
		{
			"alphaResName": "alpha58",
			"id": "58",
			"resName": "58"
		},
		{
			"alphaResName": "alpha68",
			"id": "68",
			"resName": "68"
		},
		{
			"alphaResName": "alpha78",
			"id": "78",
			"resName": "78"
		},
		{
			"alphaResName": "alpha88",
			"id": "88",
			"resName": "88"
		},
		{
			"alphaResName": "alpha98",
			"id": "98",
			"resName": "98"
		},
		{
			"alphaResName": "alphaa8",
			"id": "a8",
			"resName": "a8"
		},
		{
			"alphaResName": "alphab8",
			"id": "b8",
			"resName": "b8"
		},
		{
			"alphaResName": "alphac8",
			"id": "c8",
			"resName": "c8"
		},
		{
			"alphaResName": "alphad8",
			"id": "d8",
			"resName": "d8"
		},
		{
			"alphaResName": "alphae8",
			"id": "e8",
			"resName": "e8"
		},
		{
			"alphaResName": "alphaf8",
			"id": "f8",
			"resName": "f8"
		},
		{
			"alphaResName": "alphag8",
			"id": "g8",
			"resName": "g8"
		},
		{
			"alphaResName": "alphah8",
			"id": "h8",
			"resName": "h8"
		},
		{
			"alphaResName": "alphai8",
			"id": "i8",
			"resName": "i8"
		},
		{
			"alphaResName": "alphaj8",
			"id": "j8",
			"resName": "j8"
		},
		{
			"alphaResName": "alphak8",
			"id": "k8",
			"resName": "k8"
		},
		{
			"alphaResName": "alphal8",
			"id": "l8",
			"resName": "l8"
		},
		{
			"alphaResName": "alpham8",
			"id": "m8",
			"resName": "m8"
		},
		{
			"alphaResName": "alphan8",
			"id": "n8",
			"resName": "n8"
		},
		{
			"alphaResName": "alphao8",
			"id": "o8",
			"resName": "o8"
		},
		{
			"alphaResName": "alphap8",
			"id": "p8",
			"resName": "p8"
		},
		{
			"alphaResName": "alphaq8",
			"id": "q8",
			"resName": "q8"
		},
		{
			"alphaResName": "alphar8",
			"id": "r8",
			"resName": "r8"
		},
		{
			"alphaResName": "alphas8",
			"id": "s8",
			"resName": "s8"
		},
		{
			"alphaResName": "alphat8",
			"id": "t8",
			"resName": "t8"
		},
		{
			"alphaResName": "alphau8",
			"id": "u8",
			"resName": "u8"
		},
		{
			"alphaResName": "alphav8",
			"id": "v8",
			"resName": "v8"
		},
		{
			"alphaResName": "alphaw8",
			"id": "w8",
			"resName": "w8"
		},
		{
			"alphaResName": "alphax8",
			"id": "x8",
			"resName": "x8"
		},
		{
			"alphaResName": "alphay8",
			"id": "y8",
			"resName": "y8"
		},
		{
			"alphaResName": "alphaz8",
			"id": "z8",
			"resName": "z8"
		},
		{
			"alphaResName": "alpha09",
			"id": "09",
			"resName": "09"
		},
		{
			"alphaResName": "alpha19",
			"id": "19",
			"resName": "19"
		},
		{
			"alphaResName": "alpha29",
			"id": "29",
			"resName": "29"
		},
		{
			"alphaResName": "alpha39",
			"id": "39",
			"resName": "39"
		},
		{
			"alphaResName": "alpha49",
			"id": "49",
			"resName": "49"
		},
		{
			"alphaResName": "alpha59",
			"id": "59",
			"resName": "59"
		},
		{
			"alphaResName": "alpha69",
			"id": "69",
			"resName": "69"
		},
		{
			"alphaResName": "alpha79",
			"id": "79",
			"resName": "79"
		},
		{
			"alphaResName": "alpha89",
			"id": "89",
			"resName": "89"
		},
		{
			"alphaResName": "alpha99",
			"id": "99",
			"resName": "99"
		},
		{
			"alphaResName": "alphaa9",
			"id": "a9",
			"resName": "a9"
		},
		{
			"alphaResName": "alphab9",
			"id": "b9",
			"resName": "b9"
		},
		{
			"alphaResName": "alphac9",
			"id": "c9",
			"resName": "c9"
		},
		{
			"alphaResName": "alphad9",
			"id": "d9",
			"resName": "d9"
		},
		{
			"alphaResName": "alphae9",
			"id": "e9",
			"resName": "e9"
		},
		{
			"alphaResName": "alphaf9",
			"id": "f9",
			"resName": "f9"
		},
		{
			"alphaResName": "alphag9",
			"id": "g9",
			"resName": "g9"
		},
		{
			"alphaResName": "alphah9",
			"id": "h9",
			"resName": "h9"
		},
		{
			"alphaResName": "alphai9",
			"id": "i9",
			"resName": "i9"
		},
		{
			"alphaResName": "alphaj9",
			"id": "j9",
			"resName": "j9"
		},
		{
			"alphaResName": "alphak9",
			"id": "k9",
			"resName": "k9"
		},
		{
			"alphaResName": "alphal9",
			"id": "l9",
			"resName": "l9"
		},
		{
			"alphaResName": "alpham9",
			"id": "m9",
			"resName": "m9"
		},
		{
			"alphaResName": "alphan9",
			"id": "n9",
			"resName": "n9"
		},
		{
			"alphaResName": "alphao9",
			"id": "o9",
			"resName": "o9"
		},
		{
			"alphaResName": "alphap9",
			"id": "p9",
			"resName": "p9"
		},
		{
			"alphaResName": "alphaq9",
			"id": "q9",
			"resName": "q9"
		},
		{
			"alphaResName": "alphar9",
			"id": "r9",
			"resName": "r9"
		},
		{
			"alphaResName": "alphas9",
			"id": "s9",
			"resName": "s9"
		},
		{
			"alphaResName": "alphat9",
			"id": "t9",
			"resName": "t9"
		},
		{
			"alphaResName": "alphau9",
			"id": "u9",
			"resName": "u9"
		},
		{
			"alphaResName": "alphav9",
			"id": "v9",
			"resName": "v9"
		},
		{
			"alphaResName": "alphaw9",
			"id": "w9",
			"resName": "w9"
		},
		{
			"alphaResName": "alphax9",
			"id": "x9",
			"resName": "x9"
		},
		{
			"alphaResName": "alphay9",
			"id": "y9",
			"resName": "y9"
		},
		{
			"alphaResName": "alphaz9",
			"id": "z9",
			"resName": "z9"
		}
	]
}