{
	"@Tool": "github.com/davyxu/tabtoy",
	"@Version": "",
	"HeroLevelUpData": [
		{
			"ChessColor": 1,
			"Level": 1,
			"UpgradeConsume": [
				"101*5",
				"201*2"
			]
		},
		{
			"ChessColor": 1,
			"Level": 2,
			"UpgradeConsume": [
				"101*20",
				"201*4"
			]
		},
		{
			"ChessColor": 1,
			"Level": 3,
			"UpgradeConsume": [
				"101*50",
				"201*10"
			]
		},
		{
			"ChessColor": 1,
			"Level": 4,
			"UpgradeConsume": [
				"101*100",
				"201*20"
			]
		},
		{
			"ChessColor": 1,
			"Level": 5,
			"UpgradeConsume": [
				"101*400",
				"201*50"
			]
		},
		{
			"ChessColor": 1,
			"Level": 6,
			"UpgradeConsume": [
				"101*800",
				"201*100"
			]
		},
		{
			"ChessColor": 1,
			"Level": 7,
			"UpgradeConsume": [
				"101*1600",
				"201*200"
			]
		},
		{
			"ChessColor": 1,
			"Level": 8,
			"UpgradeConsume": [
				"101*4000",
				"201*400"
			]
		},
		{
			"ChessColor": 1,
			"Level": 9,
			"UpgradeConsume": [
				"101*8000",
				"201*800"
			]
		},
		{
			"ChessColor": 1,
			"Level": 10,
			"UpgradeConsume": [
				"101*10000",
				"201*1000"
			]
		},
		{
			"ChessColor": 1,
			"Level": 11,
			"UpgradeConsume": [
				"101*22500",
				"201*1500"
			]
		},
		{
			"ChessColor": 1,
			"Level": 12,
			"UpgradeConsume": [
				"101*30000",
				"201*2000"
			]
		},
		{
			"ChessColor": 1,
			"Level": 13,
			"UpgradeConsume": [
				"101*45000",
				"201*3000"
			]
		},
		{
			"ChessColor": 1,
			"Level": 14,
			"UpgradeConsume": [
				"101*100000",
				"201*5000"
			]
		},
		{
			"ChessColor": 1,
			"Level": 15,
			"UpgradeConsume": [
				"101*100000",
				"201*5000"
			]
		},
		{
			"ChessColor": 1,
			"Level": 16,
			"UpgradeConsume": [
				"101*120000",
				"201*6000"
			]
		},
		{
			"ChessColor": 1,
			"Level": 17,
			"UpgradeConsume": [
				"101*150000",
				"201*6000"
			]
		},
		{
			"ChessColor": 1,
			"Level": 18,
			"UpgradeConsume": [
				"101*200000",
				"201*8000"
			]
		},
		{
			"ChessColor": 1,
			"Level": 19,
			"UpgradeConsume": [
				"101*250000",
				"201*10000"
			]
		},
		{
			"ChessColor": 1,
			"Level": 20,
			"UpgradeConsume": []
		},
		{
			"ChessColor": 2,
			"Level": 1,
			"UpgradeConsume": [
				"101*5",
				"202*2"
			]
		},
		{
			"ChessColor": 2,
			"Level": 2,
			"UpgradeConsume": [
				"101*20",
				"202*4"
			]
		},
		{
			"ChessColor": 2,
			"Level": 3,
			"UpgradeConsume": [
				"101*50",
				"202*10"
			]
		},
		{
			"ChessColor": 2,
			"Level": 4,
			"UpgradeConsume": [
				"101*100",
				"202*20"
			]
		},
		{
			"ChessColor": 2,
			"Level": 5,
			"UpgradeConsume": [
				"101*400",
				"202*50"
			]
		},
		{
			"ChessColor": 2,
			"Level": 6,
			"UpgradeConsume": [
				"101*800",
				"202*100"
			]
		},
		{
			"ChessColor": 2,
			"Level": 7,
			"UpgradeConsume": [
				"101*1600",
				"202*200"
			]
		},
		{
			"ChessColor": 2,
			"Level": 8,
			"UpgradeConsume": [
				"101*4000",
				"202*400"
			]
		},
		{
			"ChessColor": 2,
			"Level": 9,
			"UpgradeConsume": [
				"101*8000",
				"202*800"
			]
		},
		{
			"ChessColor": 2,
			"Level": 10,
			"UpgradeConsume": [
				"101*10000",
				"202*1000"
			]
		},
		{
			"ChessColor": 2,
			"Level": 11,
			"UpgradeConsume": [
				"101*22500",
				"202*1500"
			]
		},
		{
			"ChessColor": 2,
			"Level": 12,
			"UpgradeConsume": [
				"101*30000",
				"202*2000"
			]
		},
		{
			"ChessColor": 2,
			"Level": 13,
			"UpgradeConsume": [
				"101*45000",
				"202*3000"
			]
		},
		{
			"ChessColor": 2,
			"Level": 14,
			"UpgradeConsume": [
				"101*100000",
				"202*5000"
			]
		},
		{
			"ChessColor": 2,
			"Level": 15,
			"UpgradeConsume": [
				"101*100000",
				"202*5000"
			]
		},
		{
			"ChessColor": 2,
			"Level": 16,
			"UpgradeConsume": [
				"101*120000",
				"202*6000"
			]
		},
		{
			"ChessColor": 2,
			"Level": 17,
			"UpgradeConsume": [
				"101*150000",
				"202*6000"
			]
		},
		{
			"ChessColor": 2,
			"Level": 18,
			"UpgradeConsume": [
				"101*200000",
				"202*8000"
			]
		},
		{
			"ChessColor": 2,
			"Level": 19,
			"UpgradeConsume": [
				"101*250000",
				"202*10000"
			]
		},
		{
			"ChessColor": 2,
			"Level": 20,
			"UpgradeConsume": []
		},
		{
			"ChessColor": 3,
			"Level": 1,
			"UpgradeConsume": [
				"101*5",
				"203*2"
			]
		},
		{
			"ChessColor": 3,
			"Level": 2,
			"UpgradeConsume": [
				"101*20",
				"203*4"
			]
		},
		{
			"ChessColor": 3,
			"Level": 3,
			"UpgradeConsume": [
				"101*50",
				"203*10"
			]
		},
		{
			"ChessColor": 3,
			"Level": 4,
			"UpgradeConsume": [
				"101*100",
				"203*20"
			]
		},
		{
			"ChessColor": 3,
			"Level": 5,
			"UpgradeConsume": [
				"101*400",
				"203*50"
			]
		},
		{
			"ChessColor": 3,
			"Level": 6,
			"UpgradeConsume": [
				"101*800",
				"203*100"
			]
		},
		{
			"ChessColor": 3,
			"Level": 7,
			"UpgradeConsume": [
				"101*1600",
				"203*200"
			]
		},
		{
			"ChessColor": 3,
			"Level": 8,
			"UpgradeConsume": [
				"101*4000",
				"203*400"
			]
		},
		{
			"ChessColor": 3,
			"Level": 9,
			"UpgradeConsume": [
				"101*8000",
				"203*800"
			]
		},
		{
			"ChessColor": 3,
			"Level": 10,
			"UpgradeConsume": [
				"101*10000",
				"203*1000"
			]
		},
		{
			"ChessColor": 3,
			"Level": 11,
			"UpgradeConsume": [
				"101*22500",
				"203*1500"
			]
		},
		{
			"ChessColor": 3,
			"Level": 12,
			"UpgradeConsume": [
				"101*30000",
				"203*2000"
			]
		},
		{
			"ChessColor": 3,
			"Level": 13,
			"UpgradeConsume": [
				"101*45000",
				"203*3000"
			]
		},
		{
			"ChessColor": 3,
			"Level": 14,
			"UpgradeConsume": [
				"101*100000",
				"203*5000"
			]
		},
		{
			"ChessColor": 3,
			"Level": 15,
			"UpgradeConsume": [
				"101*100000",
				"203*5000"
			]
		},
		{
			"ChessColor": 3,
			"Level": 16,
			"UpgradeConsume": [
				"101*120000",
				"203*6000"
			]
		},
		{
			"ChessColor": 3,
			"Level": 17,
			"UpgradeConsume": [
				"101*150000",
				"203*6000"
			]
		},
		{
			"ChessColor": 3,
			"Level": 18,
			"UpgradeConsume": [
				"101*200000",
				"203*8000"
			]
		},
		{
			"ChessColor": 3,
			"Level": 19,
			"UpgradeConsume": [
				"101*250000",
				"203*10000"
			]
		},
		{
			"ChessColor": 3,
			"Level": 20,
			"UpgradeConsume": []
		},
		{
			"ChessColor": 4,
			"Level": 1,
			"UpgradeConsume": [
				"101*5",
				"204*2"
			]
		},
		{
			"ChessColor": 4,
			"Level": 2,
			"UpgradeConsume": [
				"101*20",
				"204*4"
			]
		},
		{
			"ChessColor": 4,
			"Level": 3,
			"UpgradeConsume": [
				"101*50",
				"204*10"
			]
		},
		{
			"ChessColor": 4,
			"Level": 4,
			"UpgradeConsume": [
				"101*100",
				"204*20"
			]
		},
		{
			"ChessColor": 4,
			"Level": 5,
			"UpgradeConsume": [
				"101*400",
				"204*50"
			]
		},
		{
			"ChessColor": 4,
			"Level": 6,
			"UpgradeConsume": [
				"101*800",
				"204*100"
			]
		},
		{
			"ChessColor": 4,
			"Level": 7,
			"UpgradeConsume": [
				"101*1600",
				"204*200"
			]
		},
		{
			"ChessColor": 4,
			"Level": 8,
			"UpgradeConsume": [
				"101*4000",
				"204*400"
			]
		},
		{
			"ChessColor": 4,
			"Level": 9,
			"UpgradeConsume": [
				"101*8000",
				"204*800"
			]
		},
		{
			"ChessColor": 4,
			"Level": 10,
			"UpgradeConsume": [
				"101*10000",
				"204*1000"
			]
		},
		{
			"ChessColor": 4,
			"Level": 11,
			"UpgradeConsume": [
				"101*22500",
				"204*1500"
			]
		},
		{
			"ChessColor": 4,
			"Level": 12,
			"UpgradeConsume": [
				"101*30000",
				"204*2000"
			]
		},
		{
			"ChessColor": 4,
			"Level": 13,
			"UpgradeConsume": [
				"101*45000",
				"204*3000"
			]
		},
		{
			"ChessColor": 4,
			"Level": 14,
			"UpgradeConsume": [
				"101*100000",
				"204*5000"
			]
		},
		{
			"ChessColor": 4,
			"Level": 15,
			"UpgradeConsume": [
				"101*100000",
				"204*5000"
			]
		},
		{
			"ChessColor": 4,
			"Level": 16,
			"UpgradeConsume": [
				"101*120000",
				"204*6000"
			]
		},
		{
			"ChessColor": 4,
			"Level": 17,
			"UpgradeConsume": [
				"101*150000",
				"204*6000"
			]
		},
		{
			"ChessColor": 4,
			"Level": 18,
			"UpgradeConsume": [
				"101*200000",
				"204*8000"
			]
		},
		{
			"ChessColor": 4,
			"Level": 19,
			"UpgradeConsume": [
				"101*250000",
				"204*10000"
			]
		},
		{
			"ChessColor": 4,
			"Level": 20,
			"UpgradeConsume": []
		},
		{
			"ChessColor": 5,
			"Level": 1,
			"UpgradeConsume": [
				"101*5",
				"205*2"
			]
		},
		{
			"ChessColor": 5,
			"Level": 2,
			"UpgradeConsume": [
				"101*20",
				"205*4"
			]
		},
		{
			"ChessColor": 5,
			"Level": 3,
			"UpgradeConsume": [
				"101*50",
				"205*10"
			]
		},
		{
			"ChessColor": 5,
			"Level": 4,
			"UpgradeConsume": [
				"101*100",
				"205*20"
			]
		},
		{
			"ChessColor": 5,
			"Level": 5,
			"UpgradeConsume": [
				"101*400",
				"205*50"
			]
		},
		{
			"ChessColor": 5,
			"Level": 6,
			"UpgradeConsume": [
				"101*800",
				"205*100"
			]
		},
		{
			"ChessColor": 5,
			"Level": 7,
			"UpgradeConsume": [
				"101*1600",
				"205*200"
			]
		},
		{
			"ChessColor": 5,
			"Level": 8,
			"UpgradeConsume": [
				"101*4000",
				"205*400"
			]
		},
		{
			"ChessColor": 5,
			"Level": 9,
			"UpgradeConsume": [
				"101*8000",
				"205*800"
			]
		},
		{
			"ChessColor": 5,
			"Level": 10,
			"UpgradeConsume": [
				"101*10000",
				"205*1000"
			]
		},
		{
			"ChessColor": 5,
			"Level": 11,
			"UpgradeConsume": [
				"101*22500",
				"205*1500"
			]
		},
		{
			"ChessColor": 5,
			"Level": 12,
			"UpgradeConsume": [
				"101*30000",
				"205*2000"
			]
		},
		{
			"ChessColor": 5,
			"Level": 13,
			"UpgradeConsume": [
				"101*45000",
				"205*3000"
			]
		},
		{
			"ChessColor": 5,
			"Level": 14,
			"UpgradeConsume": [
				"101*100000",
				"205*5000"
			]
		},
		{
			"ChessColor": 5,
			"Level": 15,
			"UpgradeConsume": [
				"101*100000",
				"205*5000"
			]
		},
		{
			"ChessColor": 5,
			"Level": 16,
			"UpgradeConsume": [
				"101*120000",
				"205*6000"
			]
		},
		{
			"ChessColor": 5,
			"Level": 17,
			"UpgradeConsume": [
				"101*150000",
				"205*6000"
			]
		},
		{
			"ChessColor": 5,
			"Level": 18,
			"UpgradeConsume": [
				"101*200000",
				"205*8000"
			]
		},
		{
			"ChessColor": 5,
			"Level": 19,
			"UpgradeConsume": [
				"101*250000",
				"205*10000"
			]
		},
		{
			"ChessColor": 5,
			"Level": 20,
			"UpgradeConsume": []
		}
	]
}