{
	"@Tool": "github.com/davyxu/tabtoy",
	"@Version": "",
	"ParticleInfo": [
		{
			"particleID": "3101001",
			"particleResourceName": "Particle_Boom",
			"particleTargetType": 1
		},
		{
			"particleID": "3101002",
			"particleResourceName": "Partilce_Star",
			"particleTargetType": 2
		},
		{
			"particleID": "3101101",
			"particleResourceName": "Particle_Boom",
			"particleTargetType": 1
		},
		{
			"particleID": "3101102",
			"particleResourceName": "Partilce_Star",
			"particleTargetType": 2
		}
	]
}