{
	"@Tool": "github.com/davyxu/tabtoy",
	"@Version": "",
	"PVPChestQualityData": [
		{
			"ItemId": "1001*1",
			"QualityId": 1,
			"RankId": 1
		},
		{
			"ItemId": "1002*1",
			"QualityId": 1,
			"RankId": 2
		},
		{
			"ItemId": "1003*1",
			"QualityId": 1,
			"RankId": 3
		},
		{
			"ItemId": "1004*1",
			"QualityId": 1,
			"RankId": 4
		},
		{
			"ItemId": "1005*1",
			"QualityId": 1,
			"RankId": 5
		},
		{
			"ItemId": "1006*1",
			"QualityId": 1,
			"RankId": 6
		},
		{
			"ItemId": "1007*1",
			"QualityId": 1,
			"RankId": 7
		},
		{
			"ItemId": "1008*1",
			"QualityId": 1,
			"RankId": 8
		},
		{
			"ItemId": "1009*1",
			"QualityId": 1,
			"RankId": 9
		},
		{
			"ItemId": "1010*1",
			"QualityId": 1,
			"RankId": 10
		},
		{
			"ItemId": "1021*1",
			"QualityId": 2,
			"RankId": 1
		},
		{
			"ItemId": "1022*1",
			"QualityId": 2,
			"RankId": 2
		},
		{
			"ItemId": "1023*1",
			"QualityId": 2,
			"RankId": 3
		},
		{
			"ItemId": "1024*1",
			"QualityId": 2,
			"RankId": 4
		},
		{
			"ItemId": "1025*1",
			"QualityId": 2,
			"RankId": 5
		},
		{
			"ItemId": "1026*1",
			"QualityId": 2,
			"RankId": 6
		},
		{
			"ItemId": "1027*1",
			"QualityId": 2,
			"RankId": 7
		},
		{
			"ItemId": "1028*1",
			"QualityId": 2,
			"RankId": 8
		},
		{
			"ItemId": "1029*1",
			"QualityId": 2,
			"RankId": 9
		},
		{
			"ItemId": "1030*1",
			"QualityId": 2,
			"RankId": 10
		},
		{
			"ItemId": "1041*1",
			"QualityId": 3,
			"RankId": 1
		},
		{
			"ItemId": "1042*1",
			"QualityId": 3,
			"RankId": 2
		},
		{
			"ItemId": "1043*1",
			"QualityId": 3,
			"RankId": 3
		},
		{
			"ItemId": "1044*1",
			"QualityId": 3,
			"RankId": 4
		},
		{
			"ItemId": "1045*1",
			"QualityId": 3,
			"RankId": 5
		},
		{
			"ItemId": "1046*1",
			"QualityId": 3,
			"RankId": 6
		},
		{
			"ItemId": "1047*1",
			"QualityId": 3,
			"RankId": 7
		},
		{
			"ItemId": "1048*1",
			"QualityId": 3,
			"RankId": 8
		},
		{
			"ItemId": "1049*1",
			"QualityId": 3,
			"RankId": 9
		},
		{
			"ItemId": "1050*1",
			"QualityId": 3,
			"RankId": 10
		},
		{
			"ItemId": "1061*1",
			"QualityId": 4,
			"RankId": 1
		},
		{
			"ItemId": "1062*1",
			"QualityId": 4,
			"RankId": 2
		},
		{
			"ItemId": "1063*1",
			"QualityId": 4,
			"RankId": 3
		},
		{
			"ItemId": "1064*1",
			"QualityId": 4,
			"RankId": 4
		},
		{
			"ItemId": "1065*1",
			"QualityId": 4,
			"RankId": 5
		},
		{
			"ItemId": "1066*1",
			"QualityId": 4,
			"RankId": 6
		},
		{
			"ItemId": "1067*1",
			"QualityId": 4,
			"RankId": 7
		},
		{
			"ItemId": "1068*1",
			"QualityId": 4,
			"RankId": 8
		},
		{
			"ItemId": "1069*1",
			"QualityId": 4,
			"RankId": 9
		},
		{
			"ItemId": "1070*1",
			"QualityId": 4,
			"RankId": 10
		},
		{
			"ItemId": "1081*1",
			"QualityId": 5,
			"RankId": 1
		},
		{
			"ItemId": "1082*1",
			"QualityId": 5,
			"RankId": 2
		},
		{
			"ItemId": "1083*1",
			"QualityId": 5,
			"RankId": 3
		},
		{
			"ItemId": "1084*1",
			"QualityId": 5,
			"RankId": 4
		},
		{
			"ItemId": "1085*1",
			"QualityId": 5,
			"RankId": 5
		},
		{
			"ItemId": "1086*1",
			"QualityId": 5,
			"RankId": 6
		},
		{
			"ItemId": "1087*1",
			"QualityId": 5,
			"RankId": 7
		},
		{
			"ItemId": "1088*1",
			"QualityId": 5,
			"RankId": 8
		},
		{
			"ItemId": "1089*1",
			"QualityId": 5,
			"RankId": 9
		},
		{
			"ItemId": "1090*1",
			"QualityId": 5,
			"RankId": 10
		}
	]
}