{
	"@Tool": "github.com/davyxu/tabtoy",
	"@Version": "",
	"PVPChestOrderData": [
		{
			"OrderId": 1,
			"QualityId": 1
		},
		{
			"OrderId": 2,
			"QualityId": 1
		},
		{
			"OrderId": 3,
			"QualityId": 1
		},
		{
			"OrderId": 4,
			"QualityId": 2
		},
		{
			"OrderId": 5,
			"QualityId": 1
		},
		{
			"OrderId": 6,
			"QualityId": 1
		},
		{
			"OrderId": 7,
			"QualityId": 2
		},
		{
			"OrderId": 8,
			"QualityId": 1
		},
		{
			"OrderId": 9,
			"QualityId": 1
		},
		{
			"OrderId": 10,
			"QualityId": 1
		},
		{
			"OrderId": 11,
			"QualityId": 1
		},
		{
			"OrderId": 12,
			"QualityId": 3
		},
		{
			"OrderId": 13,
			"QualityId": 1
		},
		{
			"OrderId": 14,
			"QualityId": 1
		},
		{
			"OrderId": 15,
			"QualityId": 2
		},
		{
			"OrderId": 16,
			"QualityId": 1
		},
		{
			"OrderId": 17,
			"QualityId": 1
		},
		{
			"OrderId": 18,
			"QualityId": 1
		},
		{
			"OrderId": 19,
			"QualityId": 2
		},
		{
			"OrderId": 20,
			"QualityId": 1
		},
		{
			"OrderId": 21,
			"QualityId": 1
		},
		{
			"OrderId": 22,
			"QualityId": 1
		},
		{
			"OrderId": 23,
			"QualityId": 1
		},
		{
			"OrderId": 24,
			"QualityId": 2
		},
		{
			"OrderId": 25,
			"QualityId": 1
		},
		{
			"OrderId": 26,
			"QualityId": 2
		},
		{
			"OrderId": 27,
			"QualityId": 1
		},
		{
			"OrderId": 28,
			"QualityId": 1
		},
		{
			"OrderId": 29,
			"QualityId": 1
		},
		{
			"OrderId": 30,
			"QualityId": 1
		},
		{
			"OrderId": 31,
			"QualityId": 2
		},
		{
			"OrderId": 32,
			"QualityId": 1
		},
		{
			"OrderId": 33,
			"QualityId": 1
		},
		{
			"OrderId": 34,
			"QualityId": 1
		},
		{
			"OrderId": 35,
			"QualityId": 1
		},
		{
			"OrderId": 36,
			"QualityId": 2
		},
		{
			"OrderId": 37,
			"QualityId": 1
		},
		{
			"OrderId": 38,
			"QualityId": 1
		},
		{
			"OrderId": 39,
			"QualityId": 2
		},
		{
			"OrderId": 40,
			"QualityId": 1
		},
		{
			"OrderId": 41,
			"QualityId": 1
		},
		{
			"OrderId": 42,
			"QualityId": 1
		},
		{
			"OrderId": 43,
			"QualityId": 1
		},
		{
			"OrderId": 44,
			"QualityId": 2
		},
		{
			"OrderId": 45,
			"QualityId": 1
		},
		{
			"OrderId": 46,
			"QualityId": 1
		},
		{
			"OrderId": 47,
			"QualityId": 2
		},
		{
			"OrderId": 48,
			"QualityId": 1
		},
		{
			"OrderId": 49,
			"QualityId": 1
		},
		{
			"OrderId": 50,
			"QualityId": 1
		},
		{
			"OrderId": 51,
			"QualityId": 1
		},
		{
			"OrderId": 52,
			"QualityId": 4
		},
		{
			"OrderId": 53,
			"QualityId": 1
		},
		{
			"OrderId": 54,
			"QualityId": 1
		},
		{
			"OrderId": 55,
			"QualityId": 2
		},
		{
			"OrderId": 56,
			"QualityId": 1
		},
		{
			"OrderId": 57,
			"QualityId": 1
		},
		{
			"OrderId": 58,
			"QualityId": 1
		},
		{
			"OrderId": 59,
			"QualityId": 2
		},
		{
			"OrderId": 60,
			"QualityId": 1
		},
		{
			"OrderId": 61,
			"QualityId": 1
		},
		{
			"OrderId": 62,
			"QualityId": 1
		},
		{
			"OrderId": 63,
			"QualityId": 1
		},
		{
			"OrderId": 64,
			"QualityId": 2
		},
		{
			"OrderId": 65,
			"QualityId": 1
		},
		{
			"OrderId": 66,
			"QualityId": 2
		},
		{
			"OrderId": 67,
			"QualityId": 1
		},
		{
			"OrderId": 68,
			"QualityId": 1
		},
		{
			"OrderId": 69,
			"QualityId": 1
		},
		{
			"OrderId": 70,
			"QualityId": 1
		},
		{
			"OrderId": 71,
			"QualityId": 2
		},
		{
			"OrderId": 72,
			"QualityId": 1
		},
		{
			"OrderId": 73,
			"QualityId": 1
		},
		{
			"OrderId": 74,
			"QualityId": 1
		},
		{
			"OrderId": 75,
			"QualityId": 1
		},
		{
			"OrderId": 76,
			"QualityId": 2
		},
		{
			"OrderId": 77,
			"QualityId": 1
		},
		{
			"OrderId": 78,
			"QualityId": 1
		},
		{
			"OrderId": 79,
			"QualityId": 2
		},
		{
			"OrderId": 80,
			"QualityId": 1
		},
		{
			"OrderId": 81,
			"QualityId": 1
		},
		{
			"OrderId": 82,
			"QualityId": 1
		},
		{
			"OrderId": 83,
			"QualityId": 1
		},
		{
			"OrderId": 84,
			"QualityId": 2
		},
		{
			"OrderId": 85,
			"QualityId": 1
		},
		{
			"OrderId": 86,
			"QualityId": 1
		},
		{
			"OrderId": 87,
			"QualityId": 2
		},
		{
			"OrderId": 88,
			"QualityId": 1
		},
		{
			"OrderId": 89,
			"QualityId": 1
		},
		{
			"OrderId": 90,
			"QualityId": 1
		},
		{
			"OrderId": 91,
			"QualityId": 1
		},
		{
			"OrderId": 92,
			"QualityId": 3
		},
		{
			"OrderId": 93,
			"QualityId": 1
		},
		{
			"OrderId": 94,
			"QualityId": 1
		},
		{
			"OrderId": 95,
			"QualityId": 2
		},
		{
			"OrderId": 96,
			"QualityId": 1
		},
		{
			"OrderId": 97,
			"QualityId": 1
		},
		{
			"OrderId": 98,
			"QualityId": 1
		},
		{
			"OrderId": 99,
			"QualityId": 2
		},
		{
			"OrderId": 100,
			"QualityId": 1
		},
		{
			"OrderId": 101,
			"QualityId": 1
		},
		{
			"OrderId": 102,
			"QualityId": 1
		},
		{
			"OrderId": 103,
			"QualityId": 1
		},
		{
			"OrderId": 104,
			"QualityId": 2
		},
		{
			"OrderId": 105,
			"QualityId": 1
		},
		{
			"OrderId": 106,
			"QualityId": 2
		},
		{
			"OrderId": 107,
			"QualityId": 1
		},
		{
			"OrderId": 108,
			"QualityId": 1
		},
		{
			"OrderId": 109,
			"QualityId": 1
		},
		{
			"OrderId": 110,
			"QualityId": 1
		},
		{
			"OrderId": 111,
			"QualityId": 2
		},
		{
			"OrderId": 112,
			"QualityId": 1
		},
		{
			"OrderId": 113,
			"QualityId": 1
		},
		{
			"OrderId": 114,
			"QualityId": 1
		},
		{
			"OrderId": 115,
			"QualityId": 1
		},
		{
			"OrderId": 116,
			"QualityId": 2
		},
		{
			"OrderId": 117,
			"QualityId": 1
		},
		{
			"OrderId": 118,
			"QualityId": 1
		},
		{
			"OrderId": 119,
			"QualityId": 2
		},
		{
			"OrderId": 120,
			"QualityId": 1
		},
		{
			"OrderId": 121,
			"QualityId": 1
		},
		{
			"OrderId": 122,
			"QualityId": 1
		},
		{
			"OrderId": 123,
			"QualityId": 1
		},
		{
			"OrderId": 124,
			"QualityId": 2
		},
		{
			"OrderId": 125,
			"QualityId": 1
		},
		{
			"OrderId": 126,
			"QualityId": 1
		},
		{
			"OrderId": 127,
			"QualityId": 2
		},
		{
			"OrderId": 128,
			"QualityId": 1
		},
		{
			"OrderId": 129,
			"QualityId": 1
		},
		{
			"OrderId": 130,
			"QualityId": 1
		},
		{
			"OrderId": 131,
			"QualityId": 1
		},
		{
			"OrderId": 132,
			"QualityId": 4
		},
		{
			"OrderId": 133,
			"QualityId": 1
		},
		{
			"OrderId": 134,
			"QualityId": 1
		},
		{
			"OrderId": 135,
			"QualityId": 2
		},
		{
			"OrderId": 136,
			"QualityId": 1
		},
		{
			"OrderId": 137,
			"QualityId": 1
		},
		{
			"OrderId": 138,
			"QualityId": 1
		},
		{
			"OrderId": 139,
			"QualityId": 2
		},
		{
			"OrderId": 140,
			"QualityId": 1
		},
		{
			"OrderId": 141,
			"QualityId": 1
		},
		{
			"OrderId": 142,
			"QualityId": 1
		},
		{
			"OrderId": 143,
			"QualityId": 1
		},
		{
			"OrderId": 144,
			"QualityId": 2
		},
		{
			"OrderId": 145,
			"QualityId": 1
		},
		{
			"OrderId": 146,
			"QualityId": 2
		},
		{
			"OrderId": 147,
			"QualityId": 1
		},
		{
			"OrderId": 148,
			"QualityId": 1
		},
		{
			"OrderId": 149,
			"QualityId": 1
		},
		{
			"OrderId": 150,
			"QualityId": 1
		},
		{
			"OrderId": 151,
			"QualityId": 2
		},
		{
			"OrderId": 152,
			"QualityId": 1
		},
		{
			"OrderId": 153,
			"QualityId": 1
		},
		{
			"OrderId": 154,
			"QualityId": 1
		},
		{
			"OrderId": 155,
			"QualityId": 1
		},
		{
			"OrderId": 156,
			"QualityId": 2
		},
		{
			"OrderId": 157,
			"QualityId": 1
		},
		{
			"OrderId": 158,
			"QualityId": 1
		},
		{
			"OrderId": 159,
			"QualityId": 5
		},
		{
			"OrderId": 160,
			"QualityId": 1
		}
	]
}