{
	"@Tool": "github.com/davyxu/tabtoy",
	"@Version": "",
	"PVPRankRewardData": [
		{
			"RankingRange": 1,
			"Reward": "101*180000,1602*600"
		},
		{
			"RankingRange": 2,
			"Reward": "101*150000,1602*500"
		},
		{
			"RankingRange": 3,
			"Reward": "101*120000,1602*400"
		},
		{
			"RankingRange": 10,
			"Reward": "101*90000,1602*300"
		},
		{
			"RankingRange": 20,
			"Reward": "101*80000,1602*250"
		},
		{
			"RankingRange": 50,
			"Reward": "101*70000,1602*200"
		},
		{
			"RankingRange": 100,
			"Reward": "101*60000,1602*150"
		},
		{
			"RankingRange": 300,
			"Reward": "101*50000,1602*100"
		}
	]
}