{
	"@Tool": "github.com/davyxu/tabtoy",
	"@Version": "",
	"RobotMatchRuleData": [
		{
			"Exp": 150,
			"LoseTimes": 3,
			"MatchTimes": 15,
			"Switch": 1
		},
		{
			"Exp": 450,
			"LoseTimes": 3,
			"MatchTimes": 15,
			"Switch": 1
		},
		{
			"Exp": 900,
			"LoseTimes": 3,
			"MatchTimes": 15,
			"Switch": 1
		},
		{
			"Exp": 1350,
			"LoseTimes": 3,
			"MatchTimes": 15,
			"Switch": 1
		},
		{
			"Exp": 1950,
			"LoseTimes": 3,
			"MatchTimes": 15,
			"Switch": 0
		},
		{
			"Exp": 2550,
			"LoseTimes": 3,
			"MatchTimes": 15,
			"Switch": 0
		},
		{
			"Exp": 3150,
			"LoseTimes": 3,
			"MatchTimes": 15,
			"Switch": 0
		},
		{
			"Exp": 3900,
			"LoseTimes": 3,
			"MatchTimes": 15,
			"Switch": 0
		},
		{
			"Exp": 4650,
			"LoseTimes": 3,
			"MatchTimes": 15,
			"Switch": 0
		},
		{
			"Exp": 99999,
			"LoseTimes": 3,
			"MatchTimes": 15,
			"Switch": 0
		}
	]
}