{
	"@Tool": "github.com/davyxu/tabtoy",
	"@Version": "",
	"RobotParametersData": [
		{
			"Exp": 150,
			"MoveTimes_Max": 50,
			"MoveTimes_Min": 30
		},
		{
			"Exp": 450,
			"MoveTimes_Max": 300,
			"MoveTimes_Min": 200
		},
		{
			"Exp": 900,
			"MoveTimes_Max": 700,
			"MoveTimes_Min": 500
		},
		{
			"Exp": 1350,
			"MoveTimes_Max": 1000,
			"MoveTimes_Min": 900
		},
		{
			"Exp": 1950,
			"MoveTimes_Max": 1000,
			"MoveTimes_Min": 900
		},
		{
			"Exp": 2550,
			"MoveTimes_Max": 1000,
			"MoveTimes_Min": 900
		},
		{
			"Exp": 3150,
			"MoveTimes_Max": 1000,
			"MoveTimes_Min": 900
		},
		{
			"Exp": 3900,
			"MoveTimes_Max": 1000,
			"MoveTimes_Min": 900
		},
		{
			"Exp": 4650,
			"MoveTimes_Max": 1000,
			"MoveTimes_Min": 900
		},
		{
			"Exp": 99999,
			"MoveTimes_Max": 1000,
			"MoveTimes_Min": 900
		}
	]
}