{
	"@Tool": "github.com/davyxu/tabtoy",
	"@Version": "",
	"ShopType": [
		{
			"ID": 1,
			"Name": 5006011,
			"Order": 1,
			"Refresh_Time": "0 0 5 * * *",
			"Switch": 1
		},
		{
			"ID": 2,
			"Name": 5006010,
			"Order": 2,
			"Refresh_Time": "0 0 5 * * *",
			"Switch": 1
		},
		{
			"ID": 3,
			"Name": 5006012,
			"Order": 4,
			"Refresh_Time": "",
			"Switch": 1
		},
		{
			"ID": 4,
			"Name": 5006013,
			"Order": 5,
			"Refresh_Time": "",
			"Switch": 1
		},
		{
			"ID": 5,
			"Name": 5006015,
			"Order": 3,
			"Refresh_Time": "0 0 5 * * *",
			"Switch": 1
		}
	]
}