{
	"@Tool": "github.com/davyxu/tabtoy",
	"@Version": "",
	"SignRewardData": [
		{
			"SignDay": 1,
			"SignReward": [
				"101*5000"
			]
		},
		{
			"SignDay": 2,
			"SignReward": [
				"201*200"
			]
		},
		{
			"SignDay": 3,
			"SignReward": [
				"202*200"
			]
		},
		{
			"SignDay": 4,
			"SignReward": [
				"203*200"
			]
		},
		{
			"SignDay": 5,
			"SignReward": [
				"101*5000"
			]
		},
		{
			"SignDay": 6,
			"SignReward": [
				"204*200"
			]
		},
		{
			"SignDay": 7,
			"SignReward": [
				"205*200"
			]
		},
		{
			"SignDay": 8,
			"SignReward": [
				"101*7000"
			]
		},
		{
			"SignDay": 9,
			"SignReward": [
				"201*300"
			]
		},
		{
			"SignDay": 10,
			"SignReward": [
				"202*300"
			]
		},
		{
			"SignDay": 11,
			"SignReward": [
				"203*300"
			]
		},
		{
			"SignDay": 12,
			"SignReward": [
				"101*7000"
			]
		},
		{
			"SignDay": 13,
			"SignReward": [
				"204*300"
			]
		},
		{
			"SignDay": 14,
			"SignReward": [
				"205*300"
			]
		},
		{
			"SignDay": 15,
			"SignReward": [
				"101*10000"
			]
		},
		{
			"SignDay": 16,
			"SignReward": [
				"201*400"
			]
		},
		{
			"SignDay": 17,
			"SignReward": [
				"202*400"
			]
		},
		{
			"SignDay": 18,
			"SignReward": [
				"203*400"
			]
		},
		{
			"SignDay": 19,
			"SignReward": [
				"101*10000"
			]
		},
		{
			"SignDay": 20,
			"SignReward": [
				"204*400"
			]
		},
		{
			"SignDay": 21,
			"SignReward": [
				"205*400"
			]
		},
		{
			"SignDay": 22,
			"SignReward": [
				"101*14500"
			]
		},
		{
			"SignDay": 23,
			"SignReward": [
				"201*600"
			]
		},
		{
			"SignDay": 24,
			"SignReward": [
				"202*600"
			]
		},
		{
			"SignDay": 25,
			"SignReward": [
				"203*600"
			]
		},
		{
			"SignDay": 26,
			"SignReward": [
				"101*14500"
			]
		},
		{
			"SignDay": 27,
			"SignReward": [
				"204*600"
			]
		},
		{
			"SignDay": 28,
			"SignReward": [
				"205*600"
			]
		}
	]
}