{
	"@Tool": "github.com/davyxu/tabtoy",
	"@Version": "",
	"SkillGroupData": [
		{
			"GroupId": 1011,
			"Scale": 100,
			"SkillId": 1011
		},
		{
			"GroupId": 1021,
			"Scale": 100,
			"SkillId": 1021
		},
		{
			"GroupId": 1031,
			"Scale": 100,
			"SkillId": 1031
		},
		{
			"GroupId": 1041,
			"Scale": 100,
			"SkillId": 1041
		},
		{
			"GroupId": 1051,
			"Scale": 100,
			"SkillId": 1051
		},
		{
			"GroupId": 1061,
			"Scale": 100,
			"SkillId": 1061
		},
		{
			"GroupId": 1071,
			"Scale": 100,
			"SkillId": 1071
		},
		{
			"GroupId": 1081,
			"Scale": 100,
			"SkillId": 1081
		},
		{
			"GroupId": 1091,
			"Scale": 100,
			"SkillId": 1091
		},
		{
			"GroupId": 1101,
			"Scale": 100,
			"SkillId": 1101
		},
		{
			"GroupId": 1111,
			"Scale": 100,
			"SkillId": 1111
		},
		{
			"GroupId": 1121,
			"Scale": 100,
			"SkillId": 1121
		},
		{
			"GroupId": 1131,
			"Scale": 100,
			"SkillId": 1131
		},
		{
			"GroupId": 1141,
			"Scale": 100,
			"SkillId": 1141
		},
		{
			"GroupId": 1151,
			"Scale": 100,
			"SkillId": 1151
		},
		{
			"GroupId": 1161,
			"Scale": 100,
			"SkillId": 1161
		},
		{
			"GroupId": 1171,
			"Scale": 100,
			"SkillId": 1171
		},
		{
			"GroupId": 1181,
			"Scale": 100,
			"SkillId": 1181
		},
		{
			"GroupId": 1191,
			"Scale": 100,
			"SkillId": 1191
		},
		{
			"GroupId": 1201,
			"Scale": 100,
			"SkillId": 1201
		},
		{
			"GroupId": 1211,
			"Scale": 100,
			"SkillId": 1211
		},
		{
			"GroupId": 1221,
			"Scale": 100,
			"SkillId": 1221
		},
		{
			"GroupId": 1231,
			"Scale": 100,
			"SkillId": 1231
		},
		{
			"GroupId": 1241,
			"Scale": 100,
			"SkillId": 1241
		},
		{
			"GroupId": 1251,
			"Scale": 100,
			"SkillId": 1251
		},
		{
			"GroupId": 1261,
			"Scale": 100,
			"SkillId": 1261
		},
		{
			"GroupId": 1271,
			"Scale": 100,
			"SkillId": 1271
		},
		{
			"GroupId": 1281,
			"Scale": 100,
			"SkillId": 1281
		},
		{
			"GroupId": 1291,
			"Scale": 100,
			"SkillId": 1291
		},
		{
			"GroupId": 1301,
			"Scale": 100,
			"SkillId": 1301
		},
		{
			"GroupId": 1311,
			"Scale": 100,
			"SkillId": 1311
		},
		{
			"GroupId": 1321,
			"Scale": 100,
			"SkillId": 1321
		},
		{
			"GroupId": 1331,
			"Scale": 100,
			"SkillId": 1331
		},
		{
			"GroupId": 1341,
			"Scale": 100,
			"SkillId": 1341
		},
		{
			"GroupId": 1351,
			"Scale": 100,
			"SkillId": 1351
		},
		{
			"GroupId": 1361,
			"Scale": 100,
			"SkillId": 1361
		},
		{
			"GroupId": 1012,
			"Scale": 100,
			"SkillId": 1012
		},
		{
			"GroupId": 1022,
			"Scale": 100,
			"SkillId": 1022
		},
		{
			"GroupId": 1032,
			"Scale": 100,
			"SkillId": 1032
		},
		{
			"GroupId": 1042,
			"Scale": 100,
			"SkillId": 1042
		},
		{
			"GroupId": 1052,
			"Scale": 100,
			"SkillId": 1052
		},
		{
			"GroupId": 1062,
			"Scale": 100,
			"SkillId": 1062
		},
		{
			"GroupId": 1072,
			"Scale": 100,
			"SkillId": 1072
		},
		{
			"GroupId": 1082,
			"Scale": 100,
			"SkillId": 1082
		},
		{
			"GroupId": 1092,
			"Scale": 100,
			"SkillId": 1092
		},
		{
			"GroupId": 1102,
			"Scale": 100,
			"SkillId": 1102
		},
		{
			"GroupId": 1112,
			"Scale": 100,
			"SkillId": 1112
		},
		{
			"GroupId": 1122,
			"Scale": 100,
			"SkillId": 1122
		},
		{
			"GroupId": 1132,
			"Scale": 100,
			"SkillId": 1132
		},
		{
			"GroupId": 1142,
			"Scale": 100,
			"SkillId": 1142
		},
		{
			"GroupId": 1152,
			"Scale": 100,
			"SkillId": 1152
		},
		{
			"GroupId": 1162,
			"Scale": 100,
			"SkillId": 1162
		},
		{
			"GroupId": 1172,
			"Scale": 100,
			"SkillId": 1172
		},
		{
			"GroupId": 1182,
			"Scale": 100,
			"SkillId": 1182
		},
		{
			"GroupId": 1192,
			"Scale": 100,
			"SkillId": 1192
		},
		{
			"GroupId": 1202,
			"Scale": 100,
			"SkillId": 1202
		},
		{
			"GroupId": 1212,
			"Scale": 100,
			"SkillId": 1212
		},
		{
			"GroupId": 1222,
			"Scale": 100,
			"SkillId": 1222
		},
		{
			"GroupId": 1232,
			"Scale": 100,
			"SkillId": 1232
		},
		{
			"GroupId": 1242,
			"Scale": 100,
			"SkillId": 1242
		},
		{
			"GroupId": 1252,
			"Scale": 100,
			"SkillId": 1252
		},
		{
			"GroupId": 1262,
			"Scale": 100,
			"SkillId": 1262
		},
		{
			"GroupId": 1272,
			"Scale": 100,
			"SkillId": 1272
		},
		{
			"GroupId": 1282,
			"Scale": 100,
			"SkillId": 1282
		},
		{
			"GroupId": 1292,
			"Scale": 100,
			"SkillId": 1292
		},
		{
			"GroupId": 1302,
			"Scale": 100,
			"SkillId": 1302
		},
		{
			"GroupId": 1312,
			"Scale": 100,
			"SkillId": 1312
		},
		{
			"GroupId": 1322,
			"Scale": 100,
			"SkillId": 1322
		},
		{
			"GroupId": 1332,
			"Scale": 100,
			"SkillId": 1332
		},
		{
			"GroupId": 1342,
			"Scale": 100,
			"SkillId": 1342
		},
		{
			"GroupId": 1352,
			"Scale": 100,
			"SkillId": 1352
		},
		{
			"GroupId": 1362,
			"Scale": 100,
			"SkillId": 1362
		}
	]
}