{
	"@Tool": "github.com/davyxu/tabtoy",
	"@Version": "",
	"ActivityData": [
		{
			"ActivityID": 1,
			"ActivityIcon": "",
			"ActivityName": "新年签到",
			"ActivityType": 1,
			"EndTime": "20230127 235959",
			"FreshTime": "0 0 0 * * *",
			"StartTime": "20221231 000000"
		},
		{
			"ActivityID": 101,
			"ActivityIcon": "",
			"ActivityName": "段位排行榜-S3",
			"ActivityType": 2,
			"EndTime": "20230127 235959",
			"FreshTime": "0 0 */1 * * *",
			"StartTime": "20221231 000000"
		}
	]
}