{
	"@Tool": "github.com/davyxu/tabtoy",
	"@Version": "",
	"ChristmasDropData": [
		{
			"DropRange": "5-10",
			"ID": 1,
			"MaxDailyDrop": 40,
			"TotalDrop": 200
		},
		{
			"DropRange": "56-80",
			"ID": 2,
			"MaxDailyDrop": 400,
			"TotalDrop": 4000
		},
		{
			"DropRange": "124-160",
			"ID": 3,
			"MaxDailyDrop": 820,
			"TotalDrop": 8200
		},
		{
			"DropRange": "225-250",
			"ID": 4,
			"MaxDailyDrop": 1260,
			"TotalDrop": 12600
		},
		{
			"DropRange": "340-340",
			"ID": 5,
			"MaxDailyDrop": 1700,
			"TotalDrop": 17000
		}
	]
}