{
	"@Tool": "github.com/davyxu/tabtoy",
	"@Version": "",
	"ConditionalOfShelfData": [
		{
			"ConditionalParameters": "1-1",
			"ConditionalType": 1,
			"ID": 1
		},
		{
			"ConditionalParameters": "2-2",
			"ConditionalType": 1,
			"ID": 2
		},
		{
			"ConditionalParameters": "3-3",
			"ConditionalType": 1,
			"ID": 3
		},
		{
			"ConditionalParameters": "4-4",
			"ConditionalType": 1,
			"ID": 4
		},
		{
			"ConditionalParameters": "5-5",
			"ConditionalType": 1,
			"ID": 5
		},
		{
			"ConditionalParameters": "6-6",
			"ConditionalType": 1,
			"ID": 6
		},
		{
			"ConditionalParameters": "7-7",
			"ConditionalType": 1,
			"ID": 7
		},
		{
			"ConditionalParameters": "8-8",
			"ConditionalType": 1,
			"ID": 8
		},
		{
			"ConditionalParameters": "9-9",
			"ConditionalType": 1,
			"ID": 9
		},
		{
			"ConditionalParameters": "10-10",
			"ConditionalType": 1,
			"ID": 10
		},
		{
			"ConditionalParameters": "5-10",
			"ConditionalType": 1,
			"ID": 11
		},
		{
			"ConditionalParameters": "1-2",
			"ConditionalType": 1,
			"ID": 20
		},
		{
			"ConditionalParameters": "3-10",
			"ConditionalType": 1,
			"ID": 21
		}
	]
}