{
	"@Tool": "github.com/davyxu/tabtoy",
	"@Version": "",
	"HeroAttrData": [
		{
			"Attack": 10,
			"Grade": 0,
			"Hp": 160,
			"Id": 1,
			"Level": 1,
			"Shield": 240
		},
		{
			"Attack": 11,
			"Grade": 0,
			"Hp": 176,
			"Id": 2,
			"Level": 2,
			"Shield": 264
		},
		{
			"Attack": 12,
			"Grade": 0,
			"Hp": 192,
			"Id": 3,
			"Level": 3,
			"Shield": 288
		},
		{
			"Attack": 13,
			"Grade": 0,
			"Hp": 208,
			"Id": 4,
			"Level": 4,
			"Shield": 312
		},
		{
			"Attack": 14,
			"Grade": 0,
			"Hp": 224,
			"Id": 5,
			"Level": 5,
			"Shield": 336
		},
		{
			"Attack": 15,
			"Grade": 0,
			"Hp": 240,
			"Id": 6,
			"Level": 6,
			"Shield": 360
		},
		{
			"Attack": 17,
			"Grade": 0,
			"Hp": 272,
			"Id": 7,
			"Level": 7,
			"Shield": 408
		},
		{
			"Attack": 19,
			"Grade": 0,
			"Hp": 304,
			"Id": 8,
			"Level": 8,
			"Shield": 456
		},
		{
			"Attack": 21,
			"Grade": 0,
			"Hp": 336,
			"Id": 9,
			"Level": 9,
			"Shield": 504
		},
		{
			"Attack": 23,
			"Grade": 0,
			"Hp": 368,
			"Id": 10,
			"Level": 10,
			"Shield": 552
		},
		{
			"Attack": 25,
			"Grade": 0,
			"Hp": 400,
			"Id": 11,
			"Level": 11,
			"Shield": 600
		},
		{
			"Attack": 28,
			"Grade": 0,
			"Hp": 448,
			"Id": 12,
			"Level": 12,
			"Shield": 672
		},
		{
			"Attack": 31,
			"Grade": 0,
			"Hp": 496,
			"Id": 13,
			"Level": 13,
			"Shield": 744
		},
		{
			"Attack": 34,
			"Grade": 0,
			"Hp": 544,
			"Id": 14,
			"Level": 14,
			"Shield": 816
		},
		{
			"Attack": 37,
			"Grade": 0,
			"Hp": 592,
			"Id": 15,
			"Level": 15,
			"Shield": 888
		},
		{
			"Attack": 41,
			"Grade": 0,
			"Hp": 656,
			"Id": 16,
			"Level": 16,
			"Shield": 984
		},
		{
			"Attack": 45,
			"Grade": 0,
			"Hp": 720,
			"Id": 17,
			"Level": 17,
			"Shield": 1080
		},
		{
			"Attack": 50,
			"Grade": 0,
			"Hp": 800,
			"Id": 18,
			"Level": 18,
			"Shield": 1200
		},
		{
			"Attack": 55,
			"Grade": 0,
			"Hp": 880,
			"Id": 19,
			"Level": 19,
			"Shield": 1320
		},
		{
			"Attack": 61,
			"Grade": 0,
			"Hp": 976,
			"Id": 20,
			"Level": 20,
			"Shield": 1464
		},
		{
			"Attack": 12,
			"Grade": 1,
			"Hp": 192,
			"Id": 21,
			"Level": 1,
			"Shield": 288
		},
		{
			"Attack": 13,
			"Grade": 1,
			"Hp": 211,
			"Id": 22,
			"Level": 2,
			"Shield": 316
		},
		{
			"Attack": 14,
			"Grade": 1,
			"Hp": 230,
			"Id": 23,
			"Level": 3,
			"Shield": 345
		},
		{
			"Attack": 15,
			"Grade": 1,
			"Hp": 249,
			"Id": 24,
			"Level": 4,
			"Shield": 374
		},
		{
			"Attack": 16,
			"Grade": 1,
			"Hp": 268,
			"Id": 25,
			"Level": 5,
			"Shield": 403
		},
		{
			"Attack": 18,
			"Grade": 1,
			"Hp": 288,
			"Id": 26,
			"Level": 6,
			"Shield": 432
		},
		{
			"Attack": 20,
			"Grade": 1,
			"Hp": 326,
			"Id": 27,
			"Level": 7,
			"Shield": 489
		},
		{
			"Attack": 22,
			"Grade": 1,
			"Hp": 364,
			"Id": 28,
			"Level": 8,
			"Shield": 547
		},
		{
			"Attack": 25,
			"Grade": 1,
			"Hp": 403,
			"Id": 29,
			"Level": 9,
			"Shield": 604
		},
		{
			"Attack": 27,
			"Grade": 1,
			"Hp": 441,
			"Id": 30,
			"Level": 10,
			"Shield": 662
		},
		{
			"Attack": 30,
			"Grade": 1,
			"Hp": 480,
			"Id": 31,
			"Level": 11,
			"Shield": 720
		},
		{
			"Attack": 33,
			"Grade": 1,
			"Hp": 537,
			"Id": 32,
			"Level": 12,
			"Shield": 806
		},
		{
			"Attack": 37,
			"Grade": 1,
			"Hp": 595,
			"Id": 33,
			"Level": 13,
			"Shield": 892
		},
		{
			"Attack": 40,
			"Grade": 1,
			"Hp": 652,
			"Id": 34,
			"Level": 14,
			"Shield": 979
		},
		{
			"Attack": 44,
			"Grade": 1,
			"Hp": 710,
			"Id": 35,
			"Level": 15,
			"Shield": 1065
		},
		{
			"Attack": 49,
			"Grade": 1,
			"Hp": 787,
			"Id": 36,
			"Level": 16,
			"Shield": 1180
		},
		{
			"Attack": 54,
			"Grade": 1,
			"Hp": 864,
			"Id": 37,
			"Level": 17,
			"Shield": 1296
		},
		{
			"Attack": 60,
			"Grade": 1,
			"Hp": 960,
			"Id": 38,
			"Level": 18,
			"Shield": 1440
		},
		{
			"Attack": 66,
			"Grade": 1,
			"Hp": 1056,
			"Id": 39,
			"Level": 19,
			"Shield": 1584
		},
		{
			"Attack": 73,
			"Grade": 1,
			"Hp": 1171,
			"Id": 40,
			"Level": 20,
			"Shield": 1756
		},
		{
			"Attack": 14,
			"Grade": 2,
			"Hp": 224,
			"Id": 41,
			"Level": 1,
			"Shield": 336
		},
		{
			"Attack": 15,
			"Grade": 2,
			"Hp": 246,
			"Id": 42,
			"Level": 2,
			"Shield": 369
		},
		{
			"Attack": 16,
			"Grade": 2,
			"Hp": 268,
			"Id": 43,
			"Level": 3,
			"Shield": 403
		},
		{
			"Attack": 18,
			"Grade": 2,
			"Hp": 291,
			"Id": 44,
			"Level": 4,
			"Shield": 436
		},
		{
			"Attack": 19,
			"Grade": 2,
			"Hp": 313,
			"Id": 45,
			"Level": 5,
			"Shield": 470
		},
		{
			"Attack": 21,
			"Grade": 2,
			"Hp": 336,
			"Id": 46,
			"Level": 6,
			"Shield": 504
		},
		{
			"Attack": 23,
			"Grade": 2,
			"Hp": 380,
			"Id": 47,
			"Level": 7,
			"Shield": 571
		},
		{
			"Attack": 26,
			"Grade": 2,
			"Hp": 425,
			"Id": 48,
			"Level": 8,
			"Shield": 638
		},
		{
			"Attack": 29,
			"Grade": 2,
			"Hp": 470,
			"Id": 49,
			"Level": 9,
			"Shield": 705
		},
		{
			"Attack": 32,
			"Grade": 2,
			"Hp": 515,
			"Id": 50,
			"Level": 10,
			"Shield": 772
		},
		{
			"Attack": 35,
			"Grade": 2,
			"Hp": 560,
			"Id": 51,
			"Level": 11,
			"Shield": 840
		},
		{
			"Attack": 39,
			"Grade": 2,
			"Hp": 627,
			"Id": 52,
			"Level": 12,
			"Shield": 940
		},
		{
			"Attack": 43,
			"Grade": 2,
			"Hp": 694,
			"Id": 53,
			"Level": 13,
			"Shield": 1041
		},
		{
			"Attack": 47,
			"Grade": 2,
			"Hp": 761,
			"Id": 54,
			"Level": 14,
			"Shield": 1142
		},
		{
			"Attack": 51,
			"Grade": 2,
			"Hp": 828,
			"Id": 55,
			"Level": 15,
			"Shield": 1243
		},
		{
			"Attack": 57,
			"Grade": 2,
			"Hp": 918,
			"Id": 56,
			"Level": 16,
			"Shield": 1377
		},
		{
			"Attack": 63,
			"Grade": 2,
			"Hp": 1008,
			"Id": 57,
			"Level": 17,
			"Shield": 1512
		},
		{
			"Attack": 70,
			"Grade": 2,
			"Hp": 1120,
			"Id": 58,
			"Level": 18,
			"Shield": 1680
		},
		{
			"Attack": 77,
			"Grade": 2,
			"Hp": 1232,
			"Id": 59,
			"Level": 19,
			"Shield": 1848
		},
		{
			"Attack": 85,
			"Grade": 2,
			"Hp": 1366,
			"Id": 60,
			"Level": 20,
			"Shield": 2049
		},
		{
			"Attack": 16,
			"Grade": 3,
			"Hp": 256,
			"Id": 61,
			"Level": 1,
			"Shield": 384
		},
		{
			"Attack": 17,
			"Grade": 3,
			"Hp": 281,
			"Id": 62,
			"Level": 2,
			"Shield": 422
		},
		{
			"Attack": 19,
			"Grade": 3,
			"Hp": 307,
			"Id": 63,
			"Level": 3,
			"Shield": 460
		},
		{
			"Attack": 20,
			"Grade": 3,
			"Hp": 332,
			"Id": 64,
			"Level": 4,
			"Shield": 499
		},
		{
			"Attack": 22,
			"Grade": 3,
			"Hp": 358,
			"Id": 65,
			"Level": 5,
			"Shield": 537
		},
		{
			"Attack": 24,
			"Grade": 3,
			"Hp": 384,
			"Id": 66,
			"Level": 6,
			"Shield": 576
		},
		{
			"Attack": 27,
			"Grade": 3,
			"Hp": 435,
			"Id": 67,
			"Level": 7,
			"Shield": 652
		},
		{
			"Attack": 30,
			"Grade": 3,
			"Hp": 486,
			"Id": 68,
			"Level": 8,
			"Shield": 729
		},
		{
			"Attack": 33,
			"Grade": 3,
			"Hp": 537,
			"Id": 69,
			"Level": 9,
			"Shield": 806
		},
		{
			"Attack": 36,
			"Grade": 3,
			"Hp": 588,
			"Id": 70,
			"Level": 10,
			"Shield": 883
		},
		{
			"Attack": 40,
			"Grade": 3,
			"Hp": 640,
			"Id": 71,
			"Level": 11,
			"Shield": 960
		},
		{
			"Attack": 44,
			"Grade": 3,
			"Hp": 716,
			"Id": 72,
			"Level": 12,
			"Shield": 1075
		},
		{
			"Attack": 49,
			"Grade": 3,
			"Hp": 793,
			"Id": 73,
			"Level": 13,
			"Shield": 1190
		},
		{
			"Attack": 54,
			"Grade": 3,
			"Hp": 870,
			"Id": 74,
			"Level": 14,
			"Shield": 1305
		},
		{
			"Attack": 59,
			"Grade": 3,
			"Hp": 947,
			"Id": 75,
			"Level": 15,
			"Shield": 1420
		},
		{
			"Attack": 65,
			"Grade": 3,
			"Hp": 1049,
			"Id": 76,
			"Level": 16,
			"Shield": 1574
		},
		{
			"Attack": 72,
			"Grade": 3,
			"Hp": 1152,
			"Id": 77,
			"Level": 17,
			"Shield": 1728
		},
		{
			"Attack": 80,
			"Grade": 3,
			"Hp": 1280,
			"Id": 78,
			"Level": 18,
			"Shield": 1920
		},
		{
			"Attack": 88,
			"Grade": 3,
			"Hp": 1408,
			"Id": 79,
			"Level": 19,
			"Shield": 2112
		},
		{
			"Attack": 97,
			"Grade": 3,
			"Hp": 1561,
			"Id": 80,
			"Level": 20,
			"Shield": 2342
		},
		{
			"Attack": 18,
			"Grade": 4,
			"Hp": 288,
			"Id": 81,
			"Level": 1,
			"Shield": 432
		},
		{
			"Attack": 19,
			"Grade": 4,
			"Hp": 316,
			"Id": 82,
			"Level": 2,
			"Shield": 475
		},
		{
			"Attack": 21,
			"Grade": 4,
			"Hp": 345,
			"Id": 83,
			"Level": 3,
			"Shield": 518
		},
		{
			"Attack": 23,
			"Grade": 4,
			"Hp": 374,
			"Id": 84,
			"Level": 4,
			"Shield": 561
		},
		{
			"Attack": 25,
			"Grade": 4,
			"Hp": 403,
			"Id": 85,
			"Level": 5,
			"Shield": 604
		},
		{
			"Attack": 27,
			"Grade": 4,
			"Hp": 432,
			"Id": 86,
			"Level": 6,
			"Shield": 648
		},
		{
			"Attack": 30,
			"Grade": 4,
			"Hp": 489,
			"Id": 87,
			"Level": 7,
			"Shield": 734
		},
		{
			"Attack": 34,
			"Grade": 4,
			"Hp": 547,
			"Id": 88,
			"Level": 8,
			"Shield": 820
		},
		{
			"Attack": 37,
			"Grade": 4,
			"Hp": 604,
			"Id": 89,
			"Level": 9,
			"Shield": 907
		},
		{
			"Attack": 41,
			"Grade": 4,
			"Hp": 662,
			"Id": 90,
			"Level": 10,
			"Shield": 993
		},
		{
			"Attack": 45,
			"Grade": 4,
			"Hp": 720,
			"Id": 91,
			"Level": 11,
			"Shield": 1080
		},
		{
			"Attack": 50,
			"Grade": 4,
			"Hp": 806,
			"Id": 92,
			"Level": 12,
			"Shield": 1209
		},
		{
			"Attack": 55,
			"Grade": 4,
			"Hp": 892,
			"Id": 93,
			"Level": 13,
			"Shield": 1339
		},
		{
			"Attack": 61,
			"Grade": 4,
			"Hp": 979,
			"Id": 94,
			"Level": 14,
			"Shield": 1468
		},
		{
			"Attack": 66,
			"Grade": 4,
			"Hp": 1065,
			"Id": 95,
			"Level": 15,
			"Shield": 1598
		},
		{
			"Attack": 73,
			"Grade": 4,
			"Hp": 1180,
			"Id": 96,
			"Level": 16,
			"Shield": 1771
		},
		{
			"Attack": 81,
			"Grade": 4,
			"Hp": 1296,
			"Id": 97,
			"Level": 17,
			"Shield": 1944
		},
		{
			"Attack": 90,
			"Grade": 4,
			"Hp": 1440,
			"Id": 98,
			"Level": 18,
			"Shield": 2160
		},
		{
			"Attack": 99,
			"Grade": 4,
			"Hp": 1584,
			"Id": 99,
			"Level": 19,
			"Shield": 2376
		},
		{
			"Attack": 109,
			"Grade": 4,
			"Hp": 1756,
			"Id": 100,
			"Level": 20,
			"Shield": 2635
		},
		{
			"Attack": 20,
			"Grade": 5,
			"Hp": 320,
			"Id": 101,
			"Level": 1,
			"Shield": 480
		},
		{
			"Attack": 22,
			"Grade": 5,
			"Hp": 352,
			"Id": 102,
			"Level": 2,
			"Shield": 528
		},
		{
			"Attack": 24,
			"Grade": 5,
			"Hp": 384,
			"Id": 103,
			"Level": 3,
			"Shield": 576
		},
		{
			"Attack": 26,
			"Grade": 5,
			"Hp": 416,
			"Id": 104,
			"Level": 4,
			"Shield": 624
		},
		{
			"Attack": 28,
			"Grade": 5,
			"Hp": 448,
			"Id": 105,
			"Level": 5,
			"Shield": 672
		},
		{
			"Attack": 30,
			"Grade": 5,
			"Hp": 480,
			"Id": 106,
			"Level": 6,
			"Shield": 720
		},
		{
			"Attack": 34,
			"Grade": 5,
			"Hp": 544,
			"Id": 107,
			"Level": 7,
			"Shield": 816
		},
		{
			"Attack": 38,
			"Grade": 5,
			"Hp": 608,
			"Id": 108,
			"Level": 8,
			"Shield": 912
		},
		{
			"Attack": 42,
			"Grade": 5,
			"Hp": 672,
			"Id": 109,
			"Level": 9,
			"Shield": 1008
		},
		{
			"Attack": 46,
			"Grade": 5,
			"Hp": 736,
			"Id": 110,
			"Level": 10,
			"Shield": 1104
		},
		{
			"Attack": 50,
			"Grade": 5,
			"Hp": 800,
			"Id": 111,
			"Level": 11,
			"Shield": 1200
		},
		{
			"Attack": 56,
			"Grade": 5,
			"Hp": 896,
			"Id": 112,
			"Level": 12,
			"Shield": 1344
		},
		{
			"Attack": 62,
			"Grade": 5,
			"Hp": 992,
			"Id": 113,
			"Level": 13,
			"Shield": 1488
		},
		{
			"Attack": 68,
			"Grade": 5,
			"Hp": 1088,
			"Id": 114,
			"Level": 14,
			"Shield": 1632
		},
		{
			"Attack": 74,
			"Grade": 5,
			"Hp": 1184,
			"Id": 115,
			"Level": 15,
			"Shield": 1776
		},
		{
			"Attack": 82,
			"Grade": 5,
			"Hp": 1312,
			"Id": 116,
			"Level": 16,
			"Shield": 1968
		},
		{
			"Attack": 90,
			"Grade": 5,
			"Hp": 1440,
			"Id": 117,
			"Level": 17,
			"Shield": 2160
		},
		{
			"Attack": 100,
			"Grade": 5,
			"Hp": 1600,
			"Id": 118,
			"Level": 18,
			"Shield": 2400
		},
		{
			"Attack": 110,
			"Grade": 5,
			"Hp": 1760,
			"Id": 119,
			"Level": 19,
			"Shield": 2640
		},
		{
			"Attack": 122,
			"Grade": 5,
			"Hp": 1952,
			"Id": 120,
			"Level": 20,
			"Shield": 2928
		}
	]
}