{
	"@Tool": "github.com/davyxu/tabtoy",
	"@Version": "",
	"HeroStarUpData": [
		{
			"StarLevel": 1,
			"UnlockPSkillId": 1,
			"UpgradeConsume": "101*12000,211*12000",
			"Vocation": 1
		},
		{
			"StarLevel": 2,
			"UnlockPSkillId": 0,
			"UpgradeConsume": "101*28000,211*40000",
			"Vocation": 1
		},
		{
			"StarLevel": 3,
			"UnlockPSkillId": 2,
			"UpgradeConsume": "101*50000,211*90000",
			"Vocation": 1
		},
		{
			"StarLevel": 4,
			"UnlockPSkillId": 0,
			"UpgradeConsume": "101*125000,211*215000",
			"Vocation": 1
		},
		{
			"StarLevel": 5,
			"UnlockPSkillId": 3,
			"UpgradeConsume": "101*175000,211*390000",
			"Vocation": 1
		},
		{
			"StarLevel": 1,
			"UnlockPSkillId": 1,
			"UpgradeConsume": "101*12000,212*12000",
			"Vocation": 2
		},
		{
			"StarLevel": 2,
			"UnlockPSkillId": 0,
			"UpgradeConsume": "101*28000,212*40000",
			"Vocation": 2
		},
		{
			"StarLevel": 3,
			"UnlockPSkillId": 2,
			"UpgradeConsume": "101*50000,212*90000",
			"Vocation": 2
		},
		{
			"StarLevel": 4,
			"UnlockPSkillId": 0,
			"UpgradeConsume": "101*125000,212*215000",
			"Vocation": 2
		},
		{
			"StarLevel": 5,
			"UnlockPSkillId": 3,
			"UpgradeConsume": "101*175000,212*390000",
			"Vocation": 2
		},
		{
			"StarLevel": 1,
			"UnlockPSkillId": 1,
			"UpgradeConsume": "101*12000,213*12000",
			"Vocation": 3
		},
		{
			"StarLevel": 2,
			"UnlockPSkillId": 0,
			"UpgradeConsume": "101*28000,213*40000",
			"Vocation": 3
		},
		{
			"StarLevel": 3,
			"UnlockPSkillId": 2,
			"UpgradeConsume": "101*50000,213*90000",
			"Vocation": 3
		},
		{
			"StarLevel": 4,
			"UnlockPSkillId": 0,
			"UpgradeConsume": "101*125000,213*215000",
			"Vocation": 3
		},
		{
			"StarLevel": 5,
			"UnlockPSkillId": 3,
			"UpgradeConsume": "101*175000,213*390000",
			"Vocation": 3
		},
		{
			"StarLevel": 1,
			"UnlockPSkillId": 1,
			"UpgradeConsume": "101*12000,214*12000",
			"Vocation": 4
		},
		{
			"StarLevel": 2,
			"UnlockPSkillId": 0,
			"UpgradeConsume": "101*28000,214*40000",
			"Vocation": 4
		},
		{
			"StarLevel": 3,
			"UnlockPSkillId": 2,
			"UpgradeConsume": "101*50000,214*90000",
			"Vocation": 4
		},
		{
			"StarLevel": 4,
			"UnlockPSkillId": 0,
			"UpgradeConsume": "101*125000,214*215000",
			"Vocation": 4
		},
		{
			"StarLevel": 5,
			"UnlockPSkillId": 3,
			"UpgradeConsume": "101*175000,214*390000",
			"Vocation": 4
		}
	]
}