{
	"@Tool": "github.com/davyxu/tabtoy",
	"@Version": "",
	"HeroData": [
		{
			"AttParam": 18000,
			"AttRatio": 0,
			"Cdmg": 20000,
			"CharacterPicture": "1_LiHui",
			"ChessColor": 1001,
			"ChristmasDropID": 4,
			"Crt": 500,
			"CurHPRatio": 0,
			"CureHPRatio": 0,
			"GenShieldRatio": 0,
			"HeaddressId": "1",
			"HeroId": 101,
			"HpParam": 8000,
			"IncDamageRatio": 0,
			"IncGainEnerge": 0,
			"InitialLevel": 1,
			"InitialLevel_A": 6,
			"LostHPRatio": 0,
			"MaxEnerge": 45,
			"MaxEnerge_A": 43,
			"MaxHPRatio": 0,
			"NSkill": 1011,
			"NameId": 2000101,
			"PSkill_1": 0,
			"PSkill_2": 0,
			"PSkill_3": 0,
			"Quality": 1,
			"Quality_A": 3,
			"RecEngrgePerRound": 0,
			"RecHPRatio": 0,
			"RecShieldRatio": 0,
			"RedDamageRatio": 0,
			"ShieldParam": 8000,
			"ShieldRatio": 0,
			"SuckHP": 0,
			"USkill": 1012,
			"Vocation": 3
		},
		{
			"AttParam": 12000,
			"AttRatio": 0,
			"Cdmg": 20000,
			"CharacterPicture": "2_LiHui",
			"ChessColor": 1001,
			"ChristmasDropID": 2,
			"Crt": 500,
			"CurHPRatio": 0,
			"CureHPRatio": 0,
			"GenShieldRatio": 0,
			"HeaddressId": "2",
			"HeroId": 102,
			"HpParam": 11000,
			"IncDamageRatio": 0,
			"IncGainEnerge": 0,
			"InitialLevel": 1,
			"InitialLevel_A": 1,
			"LostHPRatio": 0,
			"MaxEnerge": 30,
			"MaxEnerge_A": 30,
			"MaxHPRatio": 0,
			"NSkill": 1021,
			"NameId": 2000102,
			"PSkill_1": 0,
			"PSkill_2": 0,
			"PSkill_3": 0,
			"Quality": 1,
			"Quality_A": 1,
			"RecEngrgePerRound": 0,
			"RecHPRatio": 0,
			"RecShieldRatio": 0,
			"RedDamageRatio": 0,
			"ShieldParam": 10000,
			"ShieldRatio": 0,
			"SuckHP": 0,
			"USkill": 1022,
			"Vocation": 4
		},
		{
			"AttParam": 8000,
			"AttRatio": 0,
			"Cdmg": 20000,
			"CharacterPicture": "3_LiHui",
			"ChessColor": 1001,
			"ChristmasDropID": 2,
			"Crt": 500,
			"CurHPRatio": 0,
			"CureHPRatio": 0,
			"GenShieldRatio": 0,
			"HeaddressId": "3",
			"HeroId": 103,
			"HpParam": 22000,
			"IncDamageRatio": 0,
			"IncGainEnerge": 0,
			"InitialLevel": 1,
			"InitialLevel_A": 1,
			"LostHPRatio": 0,
			"MaxEnerge": 30,
			"MaxEnerge_A": 30,
			"MaxHPRatio": 0,
			"NSkill": 1031,
			"NameId": 2000103,
			"PSkill_1": 0,
			"PSkill_2": 0,
			"PSkill_3": 0,
			"Quality": 1,
			"Quality_A": 1,
			"RecEngrgePerRound": 0,
			"RecHPRatio": 0,
			"RecShieldRatio": 0,
			"RedDamageRatio": 0,
			"ShieldParam": 3000,
			"ShieldRatio": 0,
			"SuckHP": 0,
			"USkill": 1032,
			"Vocation": 4
		},
		{
			"AttParam": 8000,
			"AttRatio": 0,
			"Cdmg": 20000,
			"CharacterPicture": "4_LiHui",
			"ChessColor": 1001,
			"ChristmasDropID": 2,
			"Crt": 500,
			"CurHPRatio": 0,
			"CureHPRatio": 0,
			"GenShieldRatio": 0,
			"HeaddressId": "4",
			"HeroId": 104,
			"HpParam": 16000,
			"IncDamageRatio": 0,
			"IncGainEnerge": 0,
			"InitialLevel": 1,
			"InitialLevel_A": 1,
			"LostHPRatio": 0,
			"MaxEnerge": 30,
			"MaxEnerge_A": 30,
			"MaxHPRatio": 0,
			"NSkill": 1041,
			"NameId": 2000104,
			"PSkill_1": 0,
			"PSkill_2": 0,
			"PSkill_3": 0,
			"Quality": 1,
			"Quality_A": 1,
			"RecEngrgePerRound": 0,
			"RecHPRatio": 0,
			"RecShieldRatio": 0,
			"RedDamageRatio": 0,
			"ShieldParam": 10000,
			"ShieldRatio": 0,
			"SuckHP": 0,
			"USkill": 1042,
			"Vocation": 1
		},
		{
			"AttParam": 15000,
			"AttRatio": 0,
			"Cdmg": 20000,
			"CharacterPicture": "5_LiHui",
			"ChessColor": 1001,
			"ChristmasDropID": 3,
			"Crt": 500,
			"CurHPRatio": 0,
			"CureHPRatio": 0,
			"GenShieldRatio": 0,
			"HeaddressId": "5",
			"HeroId": 105,
			"HpParam": 13000,
			"IncDamageRatio": 0,
			"IncGainEnerge": 0,
			"InitialLevel": 1,
			"InitialLevel_A": 3,
			"LostHPRatio": 0,
			"MaxEnerge": 45,
			"MaxEnerge_A": 44,
			"MaxHPRatio": 0,
			"NSkill": 1051,
			"NameId": 2000105,
			"PSkill_1": 0,
			"PSkill_2": 0,
			"PSkill_3": 0,
			"Quality": 1,
			"Quality_A": 2,
			"RecEngrgePerRound": 0,
			"RecHPRatio": 0,
			"RecShieldRatio": 0,
			"RedDamageRatio": 0,
			"ShieldParam": 5000,
			"ShieldRatio": 0,
			"SuckHP": 0,
			"USkill": 1052,
			"Vocation": 3
		},
		{
			"AttParam": 16000,
			"AttRatio": 0,
			"Cdmg": 20000,
			"CharacterPicture": "6_LiHui",
			"ChessColor": 1001,
			"ChristmasDropID": 4,
			"Crt": 500,
			"CurHPRatio": 0,
			"CureHPRatio": 0,
			"GenShieldRatio": 0,
			"HeaddressId": "6",
			"HeroId": 106,
			"HpParam": 15000,
			"IncDamageRatio": 0,
			"IncGainEnerge": 0,
			"InitialLevel": 1,
			"InitialLevel_A": 6,
			"LostHPRatio": 0,
			"MaxEnerge": 30,
			"MaxEnerge_A": 28,
			"MaxHPRatio": 0,
			"NSkill": 1061,
			"NameId": 2000106,
			"PSkill_1": 0,
			"PSkill_2": 0,
			"PSkill_3": 0,
			"Quality": 1,
			"Quality_A": 3,
			"RecEngrgePerRound": 0,
			"RecHPRatio": 0,
			"RecShieldRatio": 0,
			"RedDamageRatio": 0,
			"ShieldParam": 6000,
			"ShieldRatio": 0,
			"SuckHP": 0,
			"USkill": 1062,
			"Vocation": 4
		},
		{
			"AttParam": 17000,
			"AttRatio": 0,
			"Cdmg": 20000,
			"CharacterPicture": "7_LiHui",
			"ChessColor": 1001,
			"ChristmasDropID": 4,
			"Crt": 500,
			"CurHPRatio": 0,
			"CureHPRatio": 0,
			"GenShieldRatio": 0,
			"HeaddressId": "7",
			"HeroId": 107,
			"HpParam": 7000,
			"IncDamageRatio": 0,
			"IncGainEnerge": 0,
			"InitialLevel": 1,
			"InitialLevel_A": 6,
			"LostHPRatio": 0,
			"MaxEnerge": 45,
			"MaxEnerge_A": 43,
			"MaxHPRatio": 0,
			"NSkill": 1071,
			"NameId": 2000107,
			"PSkill_1": 0,
			"PSkill_2": 0,
			"PSkill_3": 0,
			"Quality": 1,
			"Quality_A": 3,
			"RecEngrgePerRound": 0,
			"RecHPRatio": 0,
			"RecShieldRatio": 0,
			"RedDamageRatio": 0,
			"ShieldParam": 7000,
			"ShieldRatio": 0,
			"SuckHP": 0,
			"USkill": 1072,
			"Vocation": 2
		},
		{
			"AttParam": 15000,
			"AttRatio": 0,
			"Cdmg": 20000,
			"CharacterPicture": "8_LiHui",
			"ChessColor": 1001,
			"ChristmasDropID": 3,
			"Crt": 500,
			"CurHPRatio": 0,
			"CureHPRatio": 0,
			"GenShieldRatio": 0,
			"HeaddressId": "8",
			"HeroId": 108,
			"HpParam": 8000,
			"IncDamageRatio": 0,
			"IncGainEnerge": 0,
			"InitialLevel": 1,
			"InitialLevel_A": 3,
			"LostHPRatio": 0,
			"MaxEnerge": 45,
			"MaxEnerge_A": 44,
			"MaxHPRatio": 0,
			"NSkill": 1081,
			"NameId": 2000108,
			"PSkill_1": 0,
			"PSkill_2": 0,
			"PSkill_3": 0,
			"Quality": 1,
			"Quality_A": 2,
			"RecEngrgePerRound": 0,
			"RecHPRatio": 0,
			"RecShieldRatio": 0,
			"RedDamageRatio": 0,
			"ShieldParam": 8000,
			"ShieldRatio": 0,
			"SuckHP": 0,
			"USkill": 1082,
			"Vocation": 3
		},
		{
			"AttParam": 10000,
			"AttRatio": 0,
			"Cdmg": 20000,
			"CharacterPicture": "9_LiHui",
			"ChessColor": 1001,
			"ChristmasDropID": 4,
			"Crt": 500,
			"CurHPRatio": 0,
			"CureHPRatio": 0,
			"GenShieldRatio": 0,
			"HeaddressId": "9",
			"HeroId": 109,
			"HpParam": 12000,
			"IncDamageRatio": 0,
			"IncGainEnerge": 0,
			"InitialLevel": 1,
			"InitialLevel_A": 6,
			"LostHPRatio": 0,
			"MaxEnerge": 45,
			"MaxEnerge_A": 43,
			"MaxHPRatio": 0,
			"NSkill": 1091,
			"NameId": 2000109,
			"PSkill_1": 0,
			"PSkill_2": 0,
			"PSkill_3": 0,
			"Quality": 1,
			"Quality_A": 3,
			"RecEngrgePerRound": 0,
			"RecHPRatio": 0,
			"RecShieldRatio": 0,
			"RedDamageRatio": 0,
			"ShieldParam": 12000,
			"ShieldRatio": 0,
			"SuckHP": 0,
			"USkill": 1092,
			"Vocation": 4
		},
		{
			"AttParam": 10000,
			"AttRatio": 0,
			"Cdmg": 20000,
			"CharacterPicture": "10_LiHui",
			"ChessColor": 1001,
			"ChristmasDropID": 3,
			"Crt": 500,
			"CurHPRatio": 0,
			"CureHPRatio": 0,
			"GenShieldRatio": 0,
			"HeaddressId": "0",
			"HeroId": 110,
			"HpParam": 16000,
			"IncDamageRatio": 0,
			"IncGainEnerge": 0,
			"InitialLevel": 1,
			"InitialLevel_A": 3,
			"LostHPRatio": 0,
			"MaxEnerge": 30,
			"MaxEnerge_A": 29,
			"MaxHPRatio": 0,
			"NSkill": 1101,
			"NameId": 2000110,
			"PSkill_1": 0,
			"PSkill_2": 0,
			"PSkill_3": 0,
			"Quality": 1,
			"Quality_A": 2,
			"RecEngrgePerRound": 0,
			"RecHPRatio": 0,
			"RecShieldRatio": 0,
			"RedDamageRatio": 0,
			"ShieldParam": 6000,
			"ShieldRatio": 0,
			"SuckHP": 0,
			"USkill": 1102,
			"Vocation": 4
		},
		{
			"AttParam": 18000,
			"AttRatio": 0,
			"Cdmg": 20000,
			"CharacterPicture": "11_LiHui",
			"ChessColor": 1001,
			"ChristmasDropID": 3,
			"Crt": 500,
			"CurHPRatio": 0,
			"CureHPRatio": 0,
			"GenShieldRatio": 0,
			"HeaddressId": "a",
			"HeroId": 111,
			"HpParam": 7000,
			"IncDamageRatio": 0,
			"IncGainEnerge": 0,
			"InitialLevel": 1,
			"InitialLevel_A": 3,
			"LostHPRatio": 0,
			"MaxEnerge": 45,
			"MaxEnerge_A": 44,
			"MaxHPRatio": 0,
			"NSkill": 1111,
			"NameId": 2000111,
			"PSkill_1": 0,
			"PSkill_2": 0,
			"PSkill_3": 0,
			"Quality": 1,
			"Quality_A": 2,
			"RecEngrgePerRound": 0,
			"RecHPRatio": 0,
			"RecShieldRatio": 0,
			"RedDamageRatio": 0,
			"ShieldParam": 7000,
			"ShieldRatio": 0,
			"SuckHP": 0,
			"USkill": 1112,
			"Vocation": 2
		},
		{
			"AttParam": 16000,
			"AttRatio": 0,
			"Cdmg": 20000,
			"CharacterPicture": "12_LiHui",
			"ChessColor": 1001,
			"ChristmasDropID": 2,
			"Crt": 500,
			"CurHPRatio": 0,
			"CureHPRatio": 0,
			"GenShieldRatio": 0,
			"HeaddressId": "b",
			"HeroId": 112,
			"HpParam": 8000,
			"IncDamageRatio": 0,
			"IncGainEnerge": 0,
			"InitialLevel": 1,
			"InitialLevel_A": 1,
			"LostHPRatio": 0,
			"MaxEnerge": 45,
			"MaxEnerge_A": 45,
			"MaxHPRatio": 0,
			"NSkill": 1121,
			"NameId": 2000112,
			"PSkill_1": 0,
			"PSkill_2": 0,
			"PSkill_3": 0,
			"Quality": 1,
			"Quality_A": 1,
			"RecEngrgePerRound": 0,
			"RecHPRatio": 0,
			"RecShieldRatio": 0,
			"RedDamageRatio": 0,
			"ShieldParam": 8000,
			"ShieldRatio": 0,
			"SuckHP": 0,
			"USkill": 1122,
			"Vocation": 2
		},
		{
			"AttParam": 15000,
			"AttRatio": 0,
			"Cdmg": 20000,
			"CharacterPicture": "13_LiHui",
			"ChessColor": 1001,
			"ChristmasDropID": 4,
			"Crt": 500,
			"CurHPRatio": 0,
			"CureHPRatio": 0,
			"GenShieldRatio": 0,
			"HeaddressId": "c",
			"HeroId": 113,
			"HpParam": 10000,
			"IncDamageRatio": 0,
			"IncGainEnerge": 0,
			"InitialLevel": 1,
			"InitialLevel_A": 6,
			"LostHPRatio": 0,
			"MaxEnerge": 1,
			"MaxEnerge_A": 43,
			"MaxHPRatio": 0,
			"NSkill": 1131,
			"NameId": 2000113,
			"PSkill_1": 0,
			"PSkill_2": 0,
			"PSkill_3": 0,
			"Quality": 1,
			"Quality_A": 3,
			"RecEngrgePerRound": 0,
			"RecHPRatio": 0,
			"RecShieldRatio": 0,
			"RedDamageRatio": 0,
			"ShieldParam": 5000,
			"ShieldRatio": 0,
			"SuckHP": 0,
			"USkill": 1132,
			"Vocation": 2
		},
		{
			"AttParam": 7000,
			"AttRatio": 0,
			"Cdmg": 20000,
			"CharacterPicture": "14_LiHui",
			"ChessColor": 1001,
			"ChristmasDropID": 4,
			"Crt": 500,
			"CurHPRatio": 0,
			"CureHPRatio": 0,
			"GenShieldRatio": 0,
			"HeaddressId": "d",
			"HeroId": 114,
			"HpParam": 16000,
			"IncDamageRatio": 0,
			"IncGainEnerge": 0,
			"InitialLevel": 1,
			"InitialLevel_A": 6,
			"LostHPRatio": 0,
			"MaxEnerge": 30,
			"MaxEnerge_A": 28,
			"MaxHPRatio": 0,
			"NSkill": 1141,
			"NameId": 2000114,
			"PSkill_1": 0,
			"PSkill_2": 0,
			"PSkill_3": 0,
			"Quality": 1,
			"Quality_A": 3,
			"RecEngrgePerRound": 0,
			"RecHPRatio": 0,
			"RecShieldRatio": 0,
			"RedDamageRatio": 0,
			"ShieldParam": 10000,
			"ShieldRatio": 0,
			"SuckHP": 0,
			"USkill": 1142,
			"Vocation": 1
		},
		{
			"AttParam": 18000,
			"AttRatio": 0,
			"Cdmg": 20000,
			"CharacterPicture": "15_LiHui",
			"ChessColor": 1001,
			"ChristmasDropID": 3,
			"Crt": 500,
			"CurHPRatio": 0,
			"CureHPRatio": 0,
			"GenShieldRatio": 0,
			"HeaddressId": "e",
			"HeroId": 115,
			"HpParam": 7000,
			"IncDamageRatio": 0,
			"IncGainEnerge": 0,
			"InitialLevel": 1,
			"InitialLevel_A": 3,
			"LostHPRatio": 0,
			"MaxEnerge": 1,
			"MaxEnerge_A": 44,
			"MaxHPRatio": 0,
			"NSkill": 1151,
			"NameId": 2000115,
			"PSkill_1": 0,
			"PSkill_2": 0,
			"PSkill_3": 0,
			"Quality": 1,
			"Quality_A": 2,
			"RecEngrgePerRound": 0,
			"RecHPRatio": 0,
			"RecShieldRatio": 0,
			"RedDamageRatio": 0,
			"ShieldParam": 7000,
			"ShieldRatio": 0,
			"SuckHP": 0,
			"USkill": 1152,
			"Vocation": 3
		},
		{
			"AttParam": 8000,
			"AttRatio": 0,
			"Cdmg": 20000,
			"CharacterPicture": "f_LiHui",
			"ChessColor": 1001,
			"ChristmasDropID": 5,
			"Crt": 500,
			"CurHPRatio": 0,
			"CureHPRatio": 0,
			"GenShieldRatio": 0,
			"HeaddressId": "f",
			"HeroId": 116,
			"HpParam": 13000,
			"IncDamageRatio": 0,
			"IncGainEnerge": 0,
			"InitialLevel": 1,
			"InitialLevel_A": 9,
			"LostHPRatio": 0,
			"MaxEnerge": 30,
			"MaxEnerge_A": 27,
			"MaxHPRatio": 0,
			"NSkill": 1161,
			"NameId": 2000116,
			"PSkill_1": 0,
			"PSkill_2": 0,
			"PSkill_3": 0,
			"Quality": 1,
			"Quality_A": 4,
			"RecEngrgePerRound": 0,
			"RecHPRatio": 0,
			"RecShieldRatio": 0,
			"RedDamageRatio": 0,
			"ShieldParam": 12000,
			"ShieldRatio": 0,
			"SuckHP": 0,
			"USkill": 1162,
			"Vocation": 1
		},
		{
			"AttParam": 8000,
			"AttRatio": 0,
			"Cdmg": 20000,
			"CharacterPicture": "17_LiHui",
			"ChessColor": 1001,
			"ChristmasDropID": 3,
			"Crt": 500,
			"CurHPRatio": 0,
			"CureHPRatio": 0,
			"GenShieldRatio": 0,
			"HeaddressId": "g",
			"HeroId": 117,
			"HpParam": 15000,
			"IncDamageRatio": 0,
			"IncGainEnerge": 0,
			"InitialLevel": 1,
			"InitialLevel_A": 3,
			"LostHPRatio": 0,
			"MaxEnerge": 1,
			"MaxEnerge_A": 29,
			"MaxHPRatio": 0,
			"NSkill": 1171,
			"NameId": 2000117,
			"PSkill_1": 0,
			"PSkill_2": 0,
			"PSkill_3": 0,
			"Quality": 1,
			"Quality_A": 2,
			"RecEngrgePerRound": 0,
			"RecHPRatio": 0,
			"RecShieldRatio": 0,
			"RedDamageRatio": 0,
			"ShieldParam": 10000,
			"ShieldRatio": 0,
			"SuckHP": 0,
			"USkill": 1172,
			"Vocation": 1
		},
		{
			"AttParam": 16000,
			"AttRatio": 0,
			"Cdmg": 20000,
			"CharacterPicture": "tex_0045",
			"ChessColor": 1001,
			"ChristmasDropID": 3,
			"Crt": 500,
			"CurHPRatio": 0,
			"CureHPRatio": 0,
			"GenShieldRatio": 0,
			"HeaddressId": "h",
			"HeroId": 118,
			"HpParam": 3000,
			"IncDamageRatio": 0,
			"IncGainEnerge": 0,
			"InitialLevel": 1,
			"InitialLevel_A": 3,
			"LostHPRatio": 0,
			"MaxEnerge": 1,
			"MaxEnerge_A": 44,
			"MaxHPRatio": 0,
			"NSkill": 1181,
			"NameId": 2000118,
			"PSkill_1": 0,
			"PSkill_2": 0,
			"PSkill_3": 0,
			"Quality": 1,
			"Quality_A": 2,
			"RecEngrgePerRound": 0,
			"RecHPRatio": 0,
			"RecShieldRatio": 0,
			"RedDamageRatio": 0,
			"ShieldParam": 13000,
			"ShieldRatio": 0,
			"SuckHP": 0,
			"USkill": 1182,
			"Vocation": 3
		},
		{
			"AttParam": 7000,
			"AttRatio": 0,
			"Cdmg": 20000,
			"CharacterPicture": "19_LiHui",
			"ChessColor": 1001,
			"ChristmasDropID": 3,
			"Crt": 500,
			"CurHPRatio": 0,
			"CureHPRatio": 0,
			"GenShieldRatio": 0,
			"HeaddressId": "i",
			"HeroId": 119,
			"HpParam": 16000,
			"IncDamageRatio": 0,
			"IncGainEnerge": 0,
			"InitialLevel": 1,
			"InitialLevel_A": 3,
			"LostHPRatio": 0,
			"MaxEnerge": 1,
			"MaxEnerge_A": 29,
			"MaxHPRatio": 0,
			"NSkill": 1191,
			"NameId": 2000119,
			"PSkill_1": 0,
			"PSkill_2": 0,
			"PSkill_3": 0,
			"Quality": 1,
			"Quality_A": 2,
			"RecEngrgePerRound": 0,
			"RecHPRatio": 0,
			"RecShieldRatio": 0,
			"RedDamageRatio": 0,
			"ShieldParam": 11000,
			"ShieldRatio": 0,
			"SuckHP": 0,
			"USkill": 1192,
			"Vocation": 1
		},
		{
			"AttParam": 20000,
			"AttRatio": 0,
			"Cdmg": 20000,
			"CharacterPicture": "20_LiHui",
			"ChessColor": 1001,
			"ChristmasDropID": 5,
			"Crt": 500,
			"CurHPRatio": 0,
			"CureHPRatio": 0,
			"GenShieldRatio": 0,
			"HeaddressId": "j",
			"HeroId": 120,
			"HpParam": 7000,
			"IncDamageRatio": 0,
			"IncGainEnerge": 0,
			"InitialLevel": 1,
			"InitialLevel_A": 9,
			"LostHPRatio": 0,
			"MaxEnerge": 1,
			"MaxEnerge_A": 42,
			"MaxHPRatio": 0,
			"NSkill": 1201,
			"NameId": 2000120,
			"PSkill_1": 0,
			"PSkill_2": 0,
			"PSkill_3": 0,
			"Quality": 1,
			"Quality_A": 4,
			"RecEngrgePerRound": 0,
			"RecHPRatio": 0,
			"RecShieldRatio": 0,
			"RedDamageRatio": 0,
			"ShieldParam": 7000,
			"ShieldRatio": 0,
			"SuckHP": 0,
			"USkill": 1202,
			"Vocation": 3
		},
		{
			"AttParam": 7000,
			"AttRatio": 0,
			"Cdmg": 20000,
			"CharacterPicture": "21_LiHui",
			"ChessColor": 1001,
			"ChristmasDropID": 3,
			"Crt": 500,
			"CurHPRatio": 0,
			"CureHPRatio": 0,
			"GenShieldRatio": 0,
			"HeaddressId": "k",
			"HeroId": 121,
			"HpParam": 20000,
			"IncDamageRatio": 0,
			"IncGainEnerge": 0,
			"InitialLevel": 1,
			"InitialLevel_A": 3,
			"LostHPRatio": 0,
			"MaxEnerge": 1,
			"MaxEnerge_A": 29,
			"MaxHPRatio": 0,
			"NSkill": 1211,
			"NameId": 2000121,
			"PSkill_1": 0,
			"PSkill_2": 0,
			"PSkill_3": 0,
			"Quality": 1,
			"Quality_A": 2,
			"RecEngrgePerRound": 0,
			"RecHPRatio": 0,
			"RecShieldRatio": 0,
			"RedDamageRatio": 0,
			"ShieldParam": 8000,
			"ShieldRatio": 0,
			"SuckHP": 0,
			"USkill": 1212,
			"Vocation": 4
		},
		{
			"AttParam": 18000,
			"AttRatio": 0,
			"Cdmg": 20000,
			"CharacterPicture": "l_LiHui",
			"ChessColor": 1001,
			"ChristmasDropID": 2,
			"Crt": 500,
			"CurHPRatio": 0,
			"CureHPRatio": 0,
			"GenShieldRatio": 0,
			"HeaddressId": "l",
			"HeroId": 122,
			"HpParam": 8000,
			"IncDamageRatio": 0,
			"IncGainEnerge": 0,
			"InitialLevel": 1,
			"InitialLevel_A": 1,
			"LostHPRatio": 0,
			"MaxEnerge": 45,
			"MaxEnerge_A": 45,
			"MaxHPRatio": 0,
			"NSkill": 1221,
			"NameId": 2000122,
			"PSkill_1": 0,
			"PSkill_2": 0,
			"PSkill_3": 0,
			"Quality": 1,
			"Quality_A": 1,
			"RecEngrgePerRound": 0,
			"RecHPRatio": 0,
			"RecShieldRatio": 0,
			"RedDamageRatio": 0,
			"ShieldParam": 7000,
			"ShieldRatio": 0,
			"SuckHP": 0,
			"USkill": 1222,
			"Vocation": 2
		},
		{
			"AttParam": 7000,
			"AttRatio": 0,
			"Cdmg": 20000,
			"CharacterPicture": "w_LiHui",
			"ChessColor": 1001,
			"ChristmasDropID": 2,
			"Crt": 500,
			"CurHPRatio": 0,
			"CureHPRatio": 0,
			"GenShieldRatio": 0,
			"HeaddressId": "m",
			"HeroId": 123,
			"HpParam": 17000,
			"IncDamageRatio": 0,
			"IncGainEnerge": 0,
			"InitialLevel": 1,
			"InitialLevel_A": 3,
			"LostHPRatio": 0,
			"MaxEnerge": 30,
			"MaxEnerge_A": 29,
			"MaxHPRatio": 0,
			"NSkill": 1231,
			"NameId": 2000123,
			"PSkill_1": 0,
			"PSkill_2": 0,
			"PSkill_3": 0,
			"Quality": 1,
			"Quality_A": 2,
			"RecEngrgePerRound": 0,
			"RecHPRatio": 0,
			"RecShieldRatio": 0,
			"RedDamageRatio": 0,
			"ShieldParam": 10000,
			"ShieldRatio": 0,
			"SuckHP": 0,
			"USkill": 1232,
			"Vocation": 1
		},
		{
			"AttParam": 8000,
			"AttRatio": 0,
			"Cdmg": 20000,
			"CharacterPicture": "y_LiHui",
			"ChessColor": 1001,
			"ChristmasDropID": 3,
			"Crt": 500,
			"CurHPRatio": 0,
			"CureHPRatio": 0,
			"GenShieldRatio": 0,
			"HeaddressId": "n",
			"HeroId": 124,
			"HpParam": 19000,
			"IncDamageRatio": 0,
			"IncGainEnerge": 0,
			"InitialLevel": 1,
			"InitialLevel_A": 1,
			"LostHPRatio": 0,
			"MaxEnerge": 30,
			"MaxEnerge_A": 30,
			"MaxHPRatio": 0,
			"NSkill": 1241,
			"NameId": 2000124,
			"PSkill_1": 0,
			"PSkill_2": 0,
			"PSkill_3": 0,
			"Quality": 1,
			"Quality_A": 1,
			"RecEngrgePerRound": 0,
			"RecHPRatio": 0,
			"RecShieldRatio": 0,
			"RedDamageRatio": 0,
			"ShieldParam": 8000,
			"ShieldRatio": 0,
			"SuckHP": 0,
			"USkill": 1242,
			"Vocation": 1
		},
		{
			"AttParam": 17000,
			"AttRatio": 0,
			"Cdmg": 20000,
			"CharacterPicture": "y_LiHui",
			"ChessColor": 1001,
			"ChristmasDropID": 2,
			"Crt": 500,
			"CurHPRatio": 0,
			"CureHPRatio": 0,
			"GenShieldRatio": 0,
			"HeaddressId": "o",
			"HeroId": 125,
			"HpParam": 7000,
			"IncDamageRatio": 0,
			"IncGainEnerge": 0,
			"InitialLevel": 1,
			"InitialLevel_A": 1,
			"LostHPRatio": 0,
			"MaxEnerge": 45,
			"MaxEnerge_A": 45,
			"MaxHPRatio": 0,
			"NSkill": 1251,
			"NameId": 2000125,
			"PSkill_1": 0,
			"PSkill_2": 0,
			"PSkill_3": 0,
			"Quality": 1,
			"Quality_A": 1,
			"RecEngrgePerRound": 0,
			"RecHPRatio": 0,
			"RecShieldRatio": 0,
			"RedDamageRatio": 0,
			"ShieldParam": 7000,
			"ShieldRatio": 0,
			"SuckHP": 0,
			"USkill": 1252,
			"Vocation": 3
		},
		{
			"AttParam": 7000,
			"AttRatio": 0,
			"Cdmg": 20000,
			"CharacterPicture": "p_LiHui",
			"ChessColor": 1001,
			"ChristmasDropID": 3,
			"Crt": 500,
			"CurHPRatio": 0,
			"CureHPRatio": 0,
			"GenShieldRatio": 0,
			"HeaddressId": "p",
			"HeroId": 126,
			"HpParam": 15000,
			"IncDamageRatio": 0,
			"IncGainEnerge": 0,
			"InitialLevel": 1,
			"InitialLevel_A": 3,
			"LostHPRatio": 0,
			"MaxEnerge": 30,
			"MaxEnerge_A": 29,
			"MaxHPRatio": 0,
			"NSkill": 1261,
			"NameId": 2000126,
			"PSkill_1": 0,
			"PSkill_2": 0,
			"PSkill_3": 0,
			"Quality": 1,
			"Quality_A": 2,
			"RecEngrgePerRound": 0,
			"RecHPRatio": 0,
			"RecShieldRatio": 0,
			"RedDamageRatio": 0,
			"ShieldParam": 10000,
			"ShieldRatio": 0,
			"SuckHP": 0,
			"USkill": 1262,
			"Vocation": 1
		},
		{
			"AttParam": 16000,
			"AttRatio": 0,
			"Cdmg": 20000,
			"CharacterPicture": "z_LiHui",
			"ChessColor": 1001,
			"ChristmasDropID": 3,
			"Crt": 500,
			"CurHPRatio": 0,
			"CureHPRatio": 0,
			"GenShieldRatio": 0,
			"HeaddressId": "q",
			"HeroId": 127,
			"HpParam": 7000,
			"IncDamageRatio": 0,
			"IncGainEnerge": 0,
			"InitialLevel": 1,
			"InitialLevel_A": 3,
			"LostHPRatio": 0,
			"MaxEnerge": 45,
			"MaxEnerge_A": 44,
			"MaxHPRatio": 0,
			"NSkill": 1271,
			"NameId": 2000127,
			"PSkill_1": 0,
			"PSkill_2": 0,
			"PSkill_3": 0,
			"Quality": 1,
			"Quality_A": 2,
			"RecEngrgePerRound": 0,
			"RecHPRatio": 0,
			"RecShieldRatio": 0,
			"RedDamageRatio": 0,
			"ShieldParam": 7000,
			"ShieldRatio": 0,
			"SuckHP": 0,
			"USkill": 1272,
			"Vocation": 2
		},
		{
			"AttParam": 17000,
			"AttRatio": 0,
			"Cdmg": 20000,
			"CharacterPicture": "z_LiHui",
			"ChessColor": 1001,
			"ChristmasDropID": 2,
			"Crt": 500,
			"CurHPRatio": 0,
			"CureHPRatio": 0,
			"GenShieldRatio": 0,
			"HeaddressId": "r",
			"HeroId": 128,
			"HpParam": 7000,
			"IncDamageRatio": 0,
			"IncGainEnerge": 0,
			"InitialLevel": 1,
			"InitialLevel_A": 1,
			"LostHPRatio": 0,
			"MaxEnerge": 45,
			"MaxEnerge_A": 45,
			"MaxHPRatio": 0,
			"NSkill": 1281,
			"NameId": 2000128,
			"PSkill_1": 0,
			"PSkill_2": 0,
			"PSkill_3": 0,
			"Quality": 1,
			"Quality_A": 1,
			"RecEngrgePerRound": 0,
			"RecHPRatio": 0,
			"RecShieldRatio": 0,
			"RedDamageRatio": 0,
			"ShieldParam": 7000,
			"ShieldRatio": 0,
			"SuckHP": 0,
			"USkill": 1282,
			"Vocation": 3
		},
		{
			"AttParam": 14000,
			"AttRatio": 0,
			"Cdmg": 20000,
			"CharacterPicture": "s_LiHui",
			"ChessColor": 1001,
			"ChristmasDropID": 3,
			"Crt": 500,
			"CurHPRatio": 0,
			"CureHPRatio": 0,
			"GenShieldRatio": 0,
			"HeaddressId": "s",
			"HeroId": 129,
			"HpParam": 10000,
			"IncDamageRatio": 0,
			"IncGainEnerge": 0,
			"InitialLevel": 1,
			"InitialLevel_A": 3,
			"LostHPRatio": 0,
			"MaxEnerge": 30,
			"MaxEnerge_A": 29,
			"MaxHPRatio": 0,
			"NSkill": 1291,
			"NameId": 2000129,
			"PSkill_1": 0,
			"PSkill_2": 0,
			"PSkill_3": 0,
			"Quality": 1,
			"Quality_A": 2,
			"RecEngrgePerRound": 0,
			"RecHPRatio": 0,
			"RecShieldRatio": 0,
			"RedDamageRatio": 0,
			"ShieldParam": 10000,
			"ShieldRatio": 0,
			"SuckHP": 0,
			"USkill": 1292,
			"Vocation": 4
		},
		{
			"AttParam": 10000,
			"AttRatio": 0,
			"Cdmg": 20000,
			"CharacterPicture": "t_LiHui",
			"ChessColor": 1001,
			"ChristmasDropID": 4,
			"Crt": 500,
			"CurHPRatio": 0,
			"CureHPRatio": 0,
			"GenShieldRatio": 0,
			"HeaddressId": "t",
			"HeroId": 130,
			"HpParam": 10000,
			"IncDamageRatio": 0,
			"IncGainEnerge": 0,
			"InitialLevel": 1,
			"InitialLevel_A": 6,
			"LostHPRatio": 0,
			"MaxEnerge": 30,
			"MaxEnerge_A": 28,
			"MaxHPRatio": 0,
			"NSkill": 1301,
			"NameId": 2000130,
			"PSkill_1": 0,
			"PSkill_2": 0,
			"PSkill_3": 0,
			"Quality": 1,
			"Quality_A": 3,
			"RecEngrgePerRound": 0,
			"RecHPRatio": 0,
			"RecShieldRatio": 0,
			"RedDamageRatio": 0,
			"ShieldParam": 10000,
			"ShieldRatio": 0,
			"SuckHP": 0,
			"USkill": 1302,
			"Vocation": 1
		},
		{
			"AttParam": 18000,
			"AttRatio": 0,
			"Cdmg": 20000,
			"CharacterPicture": "s_LiHui",
			"ChessColor": 1001,
			"ChristmasDropID": 5,
			"Crt": 500,
			"CurHPRatio": 0,
			"CureHPRatio": 0,
			"GenShieldRatio": 0,
			"HeaddressId": "u",
			"HeroId": 131,
			"HpParam": 10000,
			"IncDamageRatio": 0,
			"IncGainEnerge": 0,
			"InitialLevel": 1,
			"InitialLevel_A": 9,
			"LostHPRatio": 0,
			"MaxEnerge": 30,
			"MaxEnerge_A": 27,
			"MaxHPRatio": 0,
			"NSkill": 1311,
			"NameId": 2000131,
			"PSkill_1": 0,
			"PSkill_2": 0,
			"PSkill_3": 0,
			"Quality": 1,
			"Quality_A": 4,
			"RecEngrgePerRound": 0,
			"RecHPRatio": 0,
			"RecShieldRatio": 0,
			"RedDamageRatio": 0,
			"ShieldParam": 5000,
			"ShieldRatio": 0,
			"SuckHP": 0,
			"USkill": 1312,
			"Vocation": 4
		},
		{
			"AttParam": 18000,
			"AttRatio": 0,
			"Cdmg": 20000,
			"CharacterPicture": "tex_0045",
			"ChessColor": 1001,
			"ChristmasDropID": 5,
			"Crt": 500,
			"CurHPRatio": 0,
			"CureHPRatio": 0,
			"GenShieldRatio": 0,
			"HeaddressId": "v",
			"HeroId": 132,
			"HpParam": 7000,
			"IncDamageRatio": 0,
			"IncGainEnerge": 0,
			"InitialLevel": 1,
			"InitialLevel_A": 9,
			"LostHPRatio": 0,
			"MaxEnerge": 45,
			"MaxEnerge_A": 42,
			"MaxHPRatio": 0,
			"NSkill": 1321,
			"NameId": 2000132,
			"PSkill_1": 0,
			"PSkill_2": 0,
			"PSkill_3": 0,
			"Quality": 1,
			"Quality_A": 4,
			"RecEngrgePerRound": 0,
			"RecHPRatio": 0,
			"RecShieldRatio": 0,
			"RedDamageRatio": 0,
			"ShieldParam": 7000,
			"ShieldRatio": 0,
			"SuckHP": 0,
			"USkill": 1322,
			"Vocation": 2
		},
		{
			"AttParam": 16000,
			"AttRatio": 0,
			"Cdmg": 20000,
			"CharacterPicture": "w_LiHui",
			"ChessColor": 1001,
			"ChristmasDropID": 3,
			"Crt": 500,
			"CurHPRatio": 0,
			"CureHPRatio": 0,
			"GenShieldRatio": 0,
			"HeaddressId": "w",
			"HeroId": 133,
			"HpParam": 7000,
			"IncDamageRatio": 0,
			"IncGainEnerge": 0,
			"InitialLevel": 1,
			"InitialLevel_A": 3,
			"LostHPRatio": 0,
			"MaxEnerge": 45,
			"MaxEnerge_A": 44,
			"MaxHPRatio": 0,
			"NSkill": 1331,
			"NameId": 2000133,
			"PSkill_1": 0,
			"PSkill_2": 0,
			"PSkill_3": 0,
			"Quality": 1,
			"Quality_A": 2,
			"RecEngrgePerRound": 0,
			"RecHPRatio": 0,
			"RecShieldRatio": 0,
			"RedDamageRatio": 0,
			"ShieldParam": 7000,
			"ShieldRatio": 0,
			"SuckHP": 0,
			"USkill": 1332,
			"Vocation": 2
		},
		{
			"AttParam": 15000,
			"AttRatio": 0,
			"Cdmg": 20000,
			"CharacterPicture": "tex_0045",
			"ChessColor": 1001,
			"ChristmasDropID": 3,
			"Crt": 500,
			"CurHPRatio": 0,
			"CureHPRatio": 0,
			"GenShieldRatio": 0,
			"HeaddressId": "x",
			"HeroId": 134,
			"HpParam": 15000,
			"IncDamageRatio": 0,
			"IncGainEnerge": 0,
			"InitialLevel": 1,
			"InitialLevel_A": 3,
			"LostHPRatio": 0,
			"MaxEnerge": 30,
			"MaxEnerge_A": 29,
			"MaxHPRatio": 0,
			"NSkill": 1341,
			"NameId": 2000134,
			"PSkill_1": 0,
			"PSkill_2": 0,
			"PSkill_3": 0,
			"Quality": 1,
			"Quality_A": 2,
			"RecEngrgePerRound": 0,
			"RecHPRatio": 0,
			"RecShieldRatio": 0,
			"RedDamageRatio": 0,
			"ShieldParam": 6000,
			"ShieldRatio": 0,
			"SuckHP": 0,
			"USkill": 1342,
			"Vocation": 4
		},
		{
			"AttParam": 17000,
			"AttRatio": 0,
			"Cdmg": 20000,
			"CharacterPicture": "y_LiHui",
			"ChessColor": 1001,
			"ChristmasDropID": 4,
			"Crt": 500,
			"CurHPRatio": 0,
			"CureHPRatio": 0,
			"GenShieldRatio": 0,
			"HeaddressId": "y",
			"HeroId": 135,
			"HpParam": 8000,
			"IncDamageRatio": 0,
			"IncGainEnerge": 0,
			"InitialLevel": 1,
			"InitialLevel_A": 6,
			"LostHPRatio": 0,
			"MaxEnerge": 45,
			"MaxEnerge_A": 43,
			"MaxHPRatio": 0,
			"NSkill": 1351,
			"NameId": 2000135,
			"PSkill_1": 0,
			"PSkill_2": 0,
			"PSkill_3": 0,
			"Quality": 1,
			"Quality_A": 3,
			"RecEngrgePerRound": 0,
			"RecHPRatio": 0,
			"RecShieldRatio": 0,
			"RedDamageRatio": 0,
			"ShieldParam": 8000,
			"ShieldRatio": 0,
			"SuckHP": 0,
			"USkill": 1352,
			"Vocation": 3
		},
		{
			"AttParam": 17000,
			"AttRatio": 0,
			"Cdmg": 20000,
			"CharacterPicture": "z_LiHui",
			"ChessColor": 1001,
			"ChristmasDropID": 3,
			"Crt": 500,
			"CurHPRatio": 0,
			"CureHPRatio": 0,
			"GenShieldRatio": 0,
			"HeaddressId": "z",
			"HeroId": 136,
			"HpParam": 7000,
			"IncDamageRatio": 0,
			"IncGainEnerge": 0,
			"InitialLevel": 1,
			"InitialLevel_A": 3,
			"LostHPRatio": 0,
			"MaxEnerge": 45,
			"MaxEnerge_A": 44,
			"MaxHPRatio": 0,
			"NSkill": 1361,
			"NameId": 2000136,
			"PSkill_1": 0,
			"PSkill_2": 0,
			"PSkill_3": 0,
			"Quality": 1,
			"Quality_A": 2,
			"RecEngrgePerRound": 0,
			"RecHPRatio": 0,
			"RecShieldRatio": 0,
			"RedDamageRatio": 0,
			"ShieldParam": 7000,
			"ShieldRatio": 0,
			"SuckHP": 0,
			"USkill": 1362,
			"Vocation": 2
		}
	]
}