{
	"@Tool": "github.com/davyxu/tabtoy",
	"@Version": "",
	"ItemData": [
		{
			"AutoUse": 0,
			"ChestRewardShow": [],
			"Desc": 3100101,
			"DropId": 0,
			"ID": 101,
			"Icon": "item_icon_101",
			"ImprintId": 0,
			"IsAutoUse": 0,
			"IsCanUsed": 0,
			"IsConsum": 0,
			"LockTime": 0,
			"MainType": 1,
			"Name": 3000101,
			"Only": 0,
			"Order": 0,
			"Quality": 2,
			"RewardShow": [],
			"StackingLimit": 0,
			"SubType": 101,
			"UnlockConsume_Diamonds": "",
			"UnlockConsume_Keys": ""
		},
		{
			"AutoUse": 0,
			"ChestRewardShow": [],
			"Desc": 3100102,
			"DropId": 0,
			"ID": 102,
			"Icon": "item_icon_102",
			"ImprintId": 0,
			"IsAutoUse": 0,
			"IsCanUsed": 0,
			"IsConsum": 0,
			"LockTime": 0,
			"MainType": 1,
			"Name": 3000102,
			"Only": 0,
			"Order": 0,
			"Quality": 4,
			"RewardShow": [],
			"StackingLimit": 0,
			"SubType": 102,
			"UnlockConsume_Diamonds": "",
			"UnlockConsume_Keys": ""
		},
		{
			"AutoUse": 0,
			"ChestRewardShow": [],
			"Desc": 3100103,
			"DropId": 0,
			"ID": 103,
			"Icon": "",
			"ImprintId": 0,
			"IsAutoUse": 0,
			"IsCanUsed": 0,
			"IsConsum": 0,
			"LockTime": 0,
			"MainType": 1,
			"Name": 3000103,
			"Only": 0,
			"Order": 0,
			"Quality": 4,
			"RewardShow": [],
			"StackingLimit": 0,
			"SubType": 103,
			"UnlockConsume_Diamonds": "",
			"UnlockConsume_Keys": ""
		},
		{
			"AutoUse": 0,
			"ChestRewardShow": [],
			"Desc": 3100104,
			"DropId": 0,
			"ID": 104,
			"Icon": "",
			"ImprintId": 0,
			"IsAutoUse": 0,
			"IsCanUsed": 0,
			"IsConsum": 0,
			"LockTime": 0,
			"MainType": 1,
			"Name": 3000104,
			"Only": 0,
			"Order": 0,
			"Quality": 5,
			"RewardShow": [],
			"StackingLimit": 0,
			"SubType": 104,
			"UnlockConsume_Diamonds": "",
			"UnlockConsume_Keys": ""
		},
		{
			"AutoUse": 0,
			"ChestRewardShow": [],
			"Desc": 3100105,
			"DropId": 0,
			"ID": 105,
			"Icon": "",
			"ImprintId": 0,
			"IsAutoUse": 0,
			"IsCanUsed": 0,
			"IsConsum": 0,
			"LockTime": 0,
			"MainType": 1,
			"Name": 3000105,
			"Only": 0,
			"Order": 0,
			"Quality": 5,
			"RewardShow": [],
			"StackingLimit": 0,
			"SubType": 105,
			"UnlockConsume_Diamonds": "",
			"UnlockConsume_Keys": ""
		},
		{
			"AutoUse": 0,
			"ChestRewardShow": [],
			"Desc": 3100151,
			"DropId": 0,
			"ID": 151,
			"Icon": "item_icon_151",
			"ImprintId": 0,
			"IsAutoUse": 0,
			"IsCanUsed": 0,
			"IsConsum": 0,
			"LockTime": 0,
			"MainType": 1,
			"Name": 3000151,
			"Only": 0,
			"Order": 0,
			"Quality": 5,
			"RewardShow": [],
			"StackingLimit": 0,
			"SubType": 151,
			"UnlockConsume_Diamonds": "",
			"UnlockConsume_Keys": ""
		},
		{
			"AutoUse": 0,
			"ChestRewardShow": [],
			"Desc": 3100201,
			"DropId": 0,
			"ID": 201,
			"Icon": "item_icon_201",
			"ImprintId": 0,
			"IsAutoUse": 0,
			"IsCanUsed": 0,
			"IsConsum": 0,
			"LockTime": 0,
			"MainType": 2,
			"Name": 3000201,
			"Only": 0,
			"Order": 0,
			"Quality": 3,
			"RewardShow": [],
			"StackingLimit": 0,
			"SubType": 201,
			"UnlockConsume_Diamonds": "",
			"UnlockConsume_Keys": ""
		},
		{
			"AutoUse": 0,
			"ChestRewardShow": [],
			"Desc": 3100202,
			"DropId": 0,
			"ID": 202,
			"Icon": "item_icon_202",
			"ImprintId": 0,
			"IsAutoUse": 0,
			"IsCanUsed": 0,
			"IsConsum": 0,
			"LockTime": 0,
			"MainType": 2,
			"Name": 3000202,
			"Only": 0,
			"Order": 0,
			"Quality": 3,
			"RewardShow": [],
			"StackingLimit": 0,
			"SubType": 201,
			"UnlockConsume_Diamonds": "",
			"UnlockConsume_Keys": ""
		},
		{
			"AutoUse": 0,
			"ChestRewardShow": [],
			"Desc": 3100203,
			"DropId": 0,
			"ID": 203,
			"Icon": "item_icon_203",
			"ImprintId": 0,
			"IsAutoUse": 0,
			"IsCanUsed": 0,
			"IsConsum": 0,
			"LockTime": 0,
			"MainType": 2,
			"Name": 3000203,
			"Only": 0,
			"Order": 0,
			"Quality": 3,
			"RewardShow": [],
			"StackingLimit": 0,
			"SubType": 201,
			"UnlockConsume_Diamonds": "",
			"UnlockConsume_Keys": ""
		},
		{
			"AutoUse": 0,
			"ChestRewardShow": [],
			"Desc": 3100204,
			"DropId": 0,
			"ID": 204,
			"Icon": "item_icon_204",
			"ImprintId": 0,
			"IsAutoUse": 0,
			"IsCanUsed": 0,
			"IsConsum": 0,
			"LockTime": 0,
			"MainType": 2,
			"Name": 3000204,
			"Only": 0,
			"Order": 0,
			"Quality": 3,
			"RewardShow": [],
			"StackingLimit": 0,
			"SubType": 201,
			"UnlockConsume_Diamonds": "",
			"UnlockConsume_Keys": ""
		},
		{
			"AutoUse": 0,
			"ChestRewardShow": [],
			"Desc": 3100205,
			"DropId": 0,
			"ID": 205,
			"Icon": "item_icon_205",
			"ImprintId": 0,
			"IsAutoUse": 0,
			"IsCanUsed": 0,
			"IsConsum": 0,
			"LockTime": 0,
			"MainType": 2,
			"Name": 3000205,
			"Only": 0,
			"Order": 0,
			"Quality": 3,
			"RewardShow": [],
			"StackingLimit": 0,
			"SubType": 201,
			"UnlockConsume_Diamonds": "",
			"UnlockConsume_Keys": ""
		},
		{
			"AutoUse": 0,
			"ChestRewardShow": [],
			"Desc": 3100206,
			"DropId": 0,
			"ID": 206,
			"Icon": "item_icon_206",
			"ImprintId": 0,
			"IsAutoUse": 0,
			"IsCanUsed": 0,
			"IsConsum": 0,
			"LockTime": 0,
			"MainType": 2,
			"Name": 3000206,
			"Only": 0,
			"Order": 0,
			"Quality": 3,
			"RewardShow": [],
			"StackingLimit": 0,
			"SubType": 201,
			"UnlockConsume_Diamonds": "",
			"UnlockConsume_Keys": ""
		},
		{
			"AutoUse": 0,
			"ChestRewardShow": [],
			"Desc": 3100211,
			"DropId": 0,
			"ID": 211,
			"Icon": "",
			"ImprintId": 0,
			"IsAutoUse": 0,
			"IsCanUsed": 0,
			"IsConsum": 0,
			"LockTime": 0,
			"MainType": 2,
			"Name": 3000211,
			"Only": 0,
			"Order": 0,
			"Quality": 4,
			"RewardShow": [],
			"StackingLimit": 0,
			"SubType": 202,
			"UnlockConsume_Diamonds": "",
			"UnlockConsume_Keys": ""
		},
		{
			"AutoUse": 0,
			"ChestRewardShow": [],
			"Desc": 3100212,
			"DropId": 0,
			"ID": 212,
			"Icon": "",
			"ImprintId": 0,
			"IsAutoUse": 0,
			"IsCanUsed": 0,
			"IsConsum": 0,
			"LockTime": 0,
			"MainType": 2,
			"Name": 3000212,
			"Only": 0,
			"Order": 0,
			"Quality": 4,
			"RewardShow": [],
			"StackingLimit": 0,
			"SubType": 202,
			"UnlockConsume_Diamonds": "",
			"UnlockConsume_Keys": ""
		},
		{
			"AutoUse": 0,
			"ChestRewardShow": [],
			"Desc": 3100213,
			"DropId": 0,
			"ID": 213,
			"Icon": "",
			"ImprintId": 0,
			"IsAutoUse": 0,
			"IsCanUsed": 0,
			"IsConsum": 0,
			"LockTime": 0,
			"MainType": 2,
			"Name": 3000213,
			"Only": 0,
			"Order": 0,
			"Quality": 4,
			"RewardShow": [],
			"StackingLimit": 0,
			"SubType": 202,
			"UnlockConsume_Diamonds": "",
			"UnlockConsume_Keys": ""
		},
		{
			"AutoUse": 0,
			"ChestRewardShow": [],
			"Desc": 3100214,
			"DropId": 0,
			"ID": 214,
			"Icon": "",
			"ImprintId": 0,
			"IsAutoUse": 0,
			"IsCanUsed": 0,
			"IsConsum": 0,
			"LockTime": 0,
			"MainType": 2,
			"Name": 3000214,
			"Only": 0,
			"Order": 0,
			"Quality": 4,
			"RewardShow": [],
			"StackingLimit": 0,
			"SubType": 202,
			"UnlockConsume_Diamonds": "",
			"UnlockConsume_Keys": ""
		},
		{
			"AutoUse": 0,
			"ChestRewardShow": [
				"27-32",
				"5-6"
			],
			"Desc": 3101001,
			"DropId": 301001,
			"ID": 1001,
			"Icon": "item_icon_chest_01",
			"ImprintId": 0,
			"IsAutoUse": 0,
			"IsCanUsed": 1,
			"IsConsum": 1,
			"LockTime": 10800,
			"MainType": 3,
			"Name": 3001001,
			"Only": 0,
			"Order": 0,
			"Quality": 2,
			"RewardShow": [],
			"StackingLimit": 1,
			"SubType": 301,
			"UnlockConsume_Diamonds": "102*18",
			"UnlockConsume_Keys": "5002*3"
		},
		{
			"AutoUse": 0,
			"ChestRewardShow": [
				"36-43",
				"5-11"
			],
			"Desc": 3101002,
			"DropId": 301002,
			"ID": 1002,
			"Icon": "item_icon_chest_01",
			"ImprintId": 0,
			"IsAutoUse": 0,
			"IsCanUsed": 1,
			"IsConsum": 1,
			"LockTime": 10800,
			"MainType": 3,
			"Name": 3001002,
			"Only": 0,
			"Order": 0,
			"Quality": 2,
			"RewardShow": [],
			"StackingLimit": 1,
			"SubType": 301,
			"UnlockConsume_Diamonds": "102*18",
			"UnlockConsume_Keys": "5002*3"
		},
		{
			"AutoUse": 0,
			"ChestRewardShow": [
				"46-55",
				"7-13"
			],
			"Desc": 3101003,
			"DropId": 301003,
			"ID": 1003,
			"Icon": "item_icon_chest_01",
			"ImprintId": 0,
			"IsAutoUse": 0,
			"IsCanUsed": 1,
			"IsConsum": 1,
			"LockTime": 10800,
			"MainType": 3,
			"Name": 3001003,
			"Only": 0,
			"Order": 0,
			"Quality": 2,
			"RewardShow": [],
			"StackingLimit": 1,
			"SubType": 301,
			"UnlockConsume_Diamonds": "102*18",
			"UnlockConsume_Keys": "5002*3"
		},
		{
			"AutoUse": 0,
			"ChestRewardShow": [
				"56-65",
				"10-17"
			],
			"Desc": 3101004,
			"DropId": 301004,
			"ID": 1004,
			"Icon": "item_icon_chest_01",
			"ImprintId": 0,
			"IsAutoUse": 0,
			"IsCanUsed": 1,
			"IsConsum": 1,
			"LockTime": 10800,
			"MainType": 3,
			"Name": 3001004,
			"Only": 0,
			"Order": 0,
			"Quality": 2,
			"RewardShow": [],
			"StackingLimit": 1,
			"SubType": 301,
			"UnlockConsume_Diamonds": "102*18",
			"UnlockConsume_Keys": "5002*3"
		},
		{
			"AutoUse": 0,
			"ChestRewardShow": [
				"65-76",
				"12-19"
			],
			"Desc": 3101005,
			"DropId": 301005,
			"ID": 1005,
			"Icon": "item_icon_chest_01",
			"ImprintId": 0,
			"IsAutoUse": 0,
			"IsCanUsed": 1,
			"IsConsum": 1,
			"LockTime": 10800,
			"MainType": 3,
			"Name": 3001005,
			"Only": 0,
			"Order": 0,
			"Quality": 2,
			"RewardShow": [],
			"StackingLimit": 1,
			"SubType": 301,
			"UnlockConsume_Diamonds": "102*18",
			"UnlockConsume_Keys": "5002*3"
		},
		{
			"AutoUse": 0,
			"ChestRewardShow": [
				"74-87",
				"15-21"
			],
			"Desc": 3101006,
			"DropId": 301006,
			"ID": 1006,
			"Icon": "item_icon_chest_01",
			"ImprintId": 0,
			"IsAutoUse": 0,
			"IsCanUsed": 1,
			"IsConsum": 1,
			"LockTime": 10800,
			"MainType": 3,
			"Name": 3001006,
			"Only": 0,
			"Order": 0,
			"Quality": 2,
			"RewardShow": [],
			"StackingLimit": 1,
			"SubType": 301,
			"UnlockConsume_Diamonds": "102*18",
			"UnlockConsume_Keys": "5002*3"
		},
		{
			"AutoUse": 0,
			"ChestRewardShow": [
				"83-98",
				"16-23"
			],
			"Desc": 3101007,
			"DropId": 301007,
			"ID": 1007,
			"Icon": "item_icon_chest_01",
			"ImprintId": 0,
			"IsAutoUse": 0,
			"IsCanUsed": 1,
			"IsConsum": 1,
			"LockTime": 10800,
			"MainType": 3,
			"Name": 3001007,
			"Only": 0,
			"Order": 0,
			"Quality": 2,
			"RewardShow": [],
			"StackingLimit": 1,
			"SubType": 301,
			"UnlockConsume_Diamonds": "102*18",
			"UnlockConsume_Keys": "5002*3"
		},
		{
			"AutoUse": 0,
			"ChestRewardShow": [
				"93-110",
				"17-25"
			],
			"Desc": 3101008,
			"DropId": 301008,
			"ID": 1008,
			"Icon": "item_icon_chest_01",
			"ImprintId": 0,
			"IsAutoUse": 0,
			"IsCanUsed": 1,
			"IsConsum": 1,
			"LockTime": 10800,
			"MainType": 3,
			"Name": 3001008,
			"Only": 0,
			"Order": 0,
			"Quality": 2,
			"RewardShow": [],
			"StackingLimit": 1,
			"SubType": 301,
			"UnlockConsume_Diamonds": "102*18",
			"UnlockConsume_Keys": "5002*3"
		},
		{
			"AutoUse": 0,
			"ChestRewardShow": [
				"103-120",
				"20-28"
			],
			"Desc": 3101009,
			"DropId": 301009,
			"ID": 1009,
			"Icon": "item_icon_chest_01",
			"ImprintId": 0,
			"IsAutoUse": 0,
			"IsCanUsed": 1,
			"IsConsum": 1,
			"LockTime": 10800,
			"MainType": 3,
			"Name": 3001009,
			"Only": 0,
			"Order": 0,
			"Quality": 2,
			"RewardShow": [],
			"StackingLimit": 1,
			"SubType": 301,
			"UnlockConsume_Diamonds": "102*18",
			"UnlockConsume_Keys": "5002*3"
		},
		{
			"AutoUse": 0,
			"ChestRewardShow": [
				"112-131",
				"22-30"
			],
			"Desc": 3101010,
			"DropId": 301010,
			"ID": 1010,
			"Icon": "item_icon_chest_01",
			"ImprintId": 0,
			"IsAutoUse": 0,
			"IsCanUsed": 1,
			"IsConsum": 1,
			"LockTime": 10800,
			"MainType": 3,
			"Name": 3001010,
			"Only": 0,
			"Order": 0,
			"Quality": 2,
			"RewardShow": [],
			"StackingLimit": 1,
			"SubType": 301,
			"UnlockConsume_Diamonds": "102*18",
			"UnlockConsume_Keys": "5002*3"
		},
		{
			"AutoUse": 0,
			"ChestRewardShow": [
				"55-64",
				"10-16"
			],
			"Desc": 3101021,
			"DropId": 301021,
			"ID": 1021,
			"Icon": "item_icon_chest_02",
			"ImprintId": 0,
			"IsAutoUse": 0,
			"IsCanUsed": 1,
			"IsConsum": 1,
			"LockTime": 28800,
			"MainType": 3,
			"Name": 3001021,
			"Only": 0,
			"Order": 0,
			"Quality": 3,
			"RewardShow": [],
			"StackingLimit": 1,
			"SubType": 301,
			"UnlockConsume_Diamonds": "102*48",
			"UnlockConsume_Keys": "5002*8"
		},
		{
			"AutoUse": 0,
			"ChestRewardShow": [
				"73-86",
				"12-17"
			],
			"Desc": 3101022,
			"DropId": 301022,
			"ID": 1022,
			"Icon": "item_icon_chest_02",
			"ImprintId": 0,
			"IsAutoUse": 0,
			"IsCanUsed": 1,
			"IsConsum": 1,
			"LockTime": 28800,
			"MainType": 3,
			"Name": 3001022,
			"Only": 0,
			"Order": 0,
			"Quality": 3,
			"RewardShow": [],
			"StackingLimit": 1,
			"SubType": 301,
			"UnlockConsume_Diamonds": "102*48",
			"UnlockConsume_Keys": "5002*8"
		},
		{
			"AutoUse": 0,
			"ChestRewardShow": [
				"92-108",
				"15-22"
			],
			"Desc": 3101023,
			"DropId": 301023,
			"ID": 1023,
			"Icon": "item_icon_chest_02",
			"ImprintId": 0,
			"IsAutoUse": 0,
			"IsCanUsed": 1,
			"IsConsum": 1,
			"LockTime": 28800,
			"MainType": 3,
			"Name": 3001023,
			"Only": 0,
			"Order": 0,
			"Quality": 3,
			"RewardShow": [],
			"StackingLimit": 1,
			"SubType": 301,
			"UnlockConsume_Diamonds": "102*48",
			"UnlockConsume_Keys": "5002*8"
		},
		{
			"AutoUse": 0,
			"ChestRewardShow": [
				"110-129",
				"18-28"
			],
			"Desc": 3101024,
			"DropId": 301024,
			"ID": 1024,
			"Icon": "item_icon_chest_02",
			"ImprintId": 0,
			"IsAutoUse": 0,
			"IsCanUsed": 1,
			"IsConsum": 1,
			"LockTime": 28800,
			"MainType": 3,
			"Name": 3001024,
			"Only": 0,
			"Order": 0,
			"Quality": 3,
			"RewardShow": [],
			"StackingLimit": 1,
			"SubType": 301,
			"UnlockConsume_Diamonds": "102*48",
			"UnlockConsume_Keys": "5002*8"
		},
		{
			"AutoUse": 0,
			"ChestRewardShow": [
				"128-151",
				"20-33"
			],
			"Desc": 3101025,
			"DropId": 301025,
			"ID": 1025,
			"Icon": "item_icon_chest_02",
			"ImprintId": 0,
			"IsAutoUse": 0,
			"IsCanUsed": 1,
			"IsConsum": 1,
			"LockTime": 28800,
			"MainType": 3,
			"Name": 3001025,
			"Only": 0,
			"Order": 0,
			"Quality": 3,
			"RewardShow": [],
			"StackingLimit": 1,
			"SubType": 301,
			"UnlockConsume_Diamonds": "102*48",
			"UnlockConsume_Keys": "5002*8"
		},
		{
			"AutoUse": 0,
			"ChestRewardShow": [
				"147-172",
				"23-36"
			],
			"Desc": 3101026,
			"DropId": 301026,
			"ID": 1026,
			"Icon": "item_icon_chest_02",
			"ImprintId": 0,
			"IsAutoUse": 0,
			"IsCanUsed": 1,
			"IsConsum": 1,
			"LockTime": 28800,
			"MainType": 3,
			"Name": 3001026,
			"Only": 0,
			"Order": 0,
			"Quality": 3,
			"RewardShow": [],
			"StackingLimit": 1,
			"SubType": 301,
			"UnlockConsume_Diamonds": "102*48",
			"UnlockConsume_Keys": "5002*8"
		},
		{
			"AutoUse": 0,
			"ChestRewardShow": [
				"165-194",
				"25-39"
			],
			"Desc": 3101027,
			"DropId": 301027,
			"ID": 1027,
			"Icon": "item_icon_chest_02",
			"ImprintId": 0,
			"IsAutoUse": 0,
			"IsCanUsed": 1,
			"IsConsum": 1,
			"LockTime": 28800,
			"MainType": 3,
			"Name": 3001027,
			"Only": 0,
			"Order": 0,
			"Quality": 3,
			"RewardShow": [],
			"StackingLimit": 1,
			"SubType": 301,
			"UnlockConsume_Diamonds": "102*48",
			"UnlockConsume_Keys": "5002*8"
		},
		{
			"AutoUse": 0,
			"ChestRewardShow": [
				"184-216",
				"30-43"
			],
			"Desc": 3101028,
			"DropId": 301028,
			"ID": 1028,
			"Icon": "item_icon_chest_02",
			"ImprintId": 0,
			"IsAutoUse": 0,
			"IsCanUsed": 1,
			"IsConsum": 1,
			"LockTime": 28800,
			"MainType": 3,
			"Name": 3001028,
			"Only": 0,
			"Order": 0,
			"Quality": 3,
			"RewardShow": [],
			"StackingLimit": 1,
			"SubType": 301,
			"UnlockConsume_Diamonds": "102*48",
			"UnlockConsume_Keys": "5002*8"
		},
		{
			"AutoUse": 0,
			"ChestRewardShow": [
				"202-237",
				"35-49"
			],
			"Desc": 3101029,
			"DropId": 301029,
			"ID": 1029,
			"Icon": "item_icon_chest_02",
			"ImprintId": 0,
			"IsAutoUse": 0,
			"IsCanUsed": 1,
			"IsConsum": 1,
			"LockTime": 28800,
			"MainType": 3,
			"Name": 3001029,
			"Only": 0,
			"Order": 0,
			"Quality": 3,
			"RewardShow": [],
			"StackingLimit": 1,
			"SubType": 301,
			"UnlockConsume_Diamonds": "102*48",
			"UnlockConsume_Keys": "5002*8"
		},
		{
			"AutoUse": 0,
			"ChestRewardShow": [
				"220-259",
				"40-54"
			],
			"Desc": 3101030,
			"DropId": 301030,
			"ID": 1030,
			"Icon": "item_icon_chest_02",
			"ImprintId": 0,
			"IsAutoUse": 0,
			"IsCanUsed": 1,
			"IsConsum": 1,
			"LockTime": 28800,
			"MainType": 3,
			"Name": 3001030,
			"Only": 0,
			"Order": 0,
			"Quality": 3,
			"RewardShow": [],
			"StackingLimit": 1,
			"SubType": 301,
			"UnlockConsume_Diamonds": "102*48",
			"UnlockConsume_Keys": "5002*8"
		},
		{
			"AutoUse": 0,
			"ChestRewardShow": [
				"168-197",
				"25-38"
			],
			"Desc": 3101041,
			"DropId": 301041,
			"ID": 1041,
			"Icon": "item_icon_chest_03",
			"ImprintId": 0,
			"IsAutoUse": 0,
			"IsCanUsed": 1,
			"IsConsum": 1,
			"LockTime": 43200,
			"MainType": 3,
			"Name": 3001041,
			"Only": 0,
			"Order": 0,
			"Quality": 4,
			"RewardShow": [],
			"StackingLimit": 1,
			"SubType": 301,
			"UnlockConsume_Diamonds": "102*72",
			"UnlockConsume_Keys": "5002*12"
		},
		{
			"AutoUse": 0,
			"ChestRewardShow": [
				"224-263",
				"35-49"
			],
			"Desc": 3101042,
			"DropId": 301042,
			"ID": 1042,
			"Icon": "item_icon_chest_03",
			"ImprintId": 0,
			"IsAutoUse": 0,
			"IsCanUsed": 1,
			"IsConsum": 1,
			"LockTime": 43200,
			"MainType": 3,
			"Name": 3001042,
			"Only": 0,
			"Order": 0,
			"Quality": 4,
			"RewardShow": [],
			"StackingLimit": 1,
			"SubType": 301,
			"UnlockConsume_Diamonds": "102*72",
			"UnlockConsume_Keys": "5002*12"
		},
		{
			"AutoUse": 0,
			"ChestRewardShow": [
				"280-329",
				"45-59"
			],
			"Desc": 3101043,
			"DropId": 301043,
			"ID": 1043,
			"Icon": "item_icon_chest_03",
			"ImprintId": 0,
			"IsAutoUse": 0,
			"IsCanUsed": 1,
			"IsConsum": 1,
			"LockTime": 43200,
			"MainType": 3,
			"Name": 3001043,
			"Only": 0,
			"Order": 0,
			"Quality": 4,
			"RewardShow": [],
			"StackingLimit": 1,
			"SubType": 301,
			"UnlockConsume_Diamonds": "102*72",
			"UnlockConsume_Keys": "5002*12"
		},
		{
			"AutoUse": 0,
			"ChestRewardShow": [
				"336-395",
				"60-75"
			],
			"Desc": 3101044,
			"DropId": 301044,
			"ID": 1044,
			"Icon": "item_icon_chest_03",
			"ImprintId": 0,
			"IsAutoUse": 0,
			"IsCanUsed": 1,
			"IsConsum": 1,
			"LockTime": 43200,
			"MainType": 3,
			"Name": 3001044,
			"Only": 0,
			"Order": 0,
			"Quality": 4,
			"RewardShow": [],
			"StackingLimit": 1,
			"SubType": 301,
			"UnlockConsume_Diamonds": "102*72",
			"UnlockConsume_Keys": "5002*12"
		},
		{
			"AutoUse": 0,
			"ChestRewardShow": [
				"392-461",
				"70-85"
			],
			"Desc": 3101045,
			"DropId": 301045,
			"ID": 1045,
			"Icon": "item_icon_chest_03",
			"ImprintId": 0,
			"IsAutoUse": 0,
			"IsCanUsed": 1,
			"IsConsum": 1,
			"LockTime": 43200,
			"MainType": 3,
			"Name": 3001045,
			"Only": 0,
			"Order": 0,
			"Quality": 4,
			"RewardShow": [],
			"StackingLimit": 1,
			"SubType": 301,
			"UnlockConsume_Diamonds": "102*72",
			"UnlockConsume_Keys": "5002*12"
		},
		{
			"AutoUse": 0,
			"ChestRewardShow": [
				"448-527",
				"85-100"
			],
			"Desc": 3101046,
			"DropId": 301046,
			"ID": 1046,
			"Icon": "item_icon_chest_03",
			"ImprintId": 0,
			"IsAutoUse": 0,
			"IsCanUsed": 1,
			"IsConsum": 1,
			"LockTime": 43200,
			"MainType": 3,
			"Name": 3001046,
			"Only": 0,
			"Order": 0,
			"Quality": 4,
			"RewardShow": [],
			"StackingLimit": 1,
			"SubType": 301,
			"UnlockConsume_Diamonds": "102*72",
			"UnlockConsume_Keys": "5002*12"
		},
		{
			"AutoUse": 0,
			"ChestRewardShow": [
				"505-592",
				"95-110"
			],
			"Desc": 3101047,
			"DropId": 301047,
			"ID": 1047,
			"Icon": "item_icon_chest_03",
			"ImprintId": 0,
			"IsAutoUse": 0,
			"IsCanUsed": 1,
			"IsConsum": 1,
			"LockTime": 43200,
			"MainType": 3,
			"Name": 3001047,
			"Only": 0,
			"Order": 0,
			"Quality": 4,
			"RewardShow": [],
			"StackingLimit": 1,
			"SubType": 301,
			"UnlockConsume_Diamonds": "102*72",
			"UnlockConsume_Keys": "5002*12"
		},
		{
			"AutoUse": 0,
			"ChestRewardShow": [
				"561-658",
				"110-125"
			],
			"Desc": 3101048,
			"DropId": 301048,
			"ID": 1048,
			"Icon": "item_icon_chest_03",
			"ImprintId": 0,
			"IsAutoUse": 0,
			"IsCanUsed": 1,
			"IsConsum": 1,
			"LockTime": 43200,
			"MainType": 3,
			"Name": 3001048,
			"Only": 0,
			"Order": 0,
			"Quality": 4,
			"RewardShow": [],
			"StackingLimit": 1,
			"SubType": 301,
			"UnlockConsume_Diamonds": "102*72",
			"UnlockConsume_Keys": "5002*12"
		},
		{
			"AutoUse": 0,
			"ChestRewardShow": [
				"617-724",
				"120-135"
			],
			"Desc": 3101049,
			"DropId": 301049,
			"ID": 1049,
			"Icon": "item_icon_chest_03",
			"ImprintId": 0,
			"IsAutoUse": 0,
			"IsCanUsed": 1,
			"IsConsum": 1,
			"LockTime": 43200,
			"MainType": 3,
			"Name": 3001049,
			"Only": 0,
			"Order": 0,
			"Quality": 4,
			"RewardShow": [],
			"StackingLimit": 1,
			"SubType": 301,
			"UnlockConsume_Diamonds": "102*72",
			"UnlockConsume_Keys": "5002*12"
		},
		{
			"AutoUse": 0,
			"ChestRewardShow": [
				"673-790",
				"135-150"
			],
			"Desc": 3101050,
			"DropId": 301050,
			"ID": 1050,
			"Icon": "item_icon_chest_03",
			"ImprintId": 0,
			"IsAutoUse": 0,
			"IsCanUsed": 1,
			"IsConsum": 1,
			"LockTime": 43200,
			"MainType": 3,
			"Name": 3001050,
			"Only": 0,
			"Order": 0,
			"Quality": 4,
			"RewardShow": [],
			"StackingLimit": 1,
			"SubType": 301,
			"UnlockConsume_Diamonds": "102*72",
			"UnlockConsume_Keys": "5002*12"
		},
		{
			"AutoUse": 0,
			"ChestRewardShow": [
				"444-521",
				"75-90"
			],
			"Desc": 3101061,
			"DropId": 301061,
			"ID": 1061,
			"Icon": "item_icon_chest_04",
			"ImprintId": 0,
			"IsAutoUse": 0,
			"IsCanUsed": 1,
			"IsConsum": 1,
			"LockTime": 43200,
			"MainType": 3,
			"Name": 3001061,
			"Only": 0,
			"Order": 0,
			"Quality": 5,
			"RewardShow": [],
			"StackingLimit": 1,
			"SubType": 301,
			"UnlockConsume_Diamonds": "102*72",
			"UnlockConsume_Keys": "5002*12"
		},
		{
			"AutoUse": 0,
			"ChestRewardShow": [
				"592-695",
				"105-120"
			],
			"Desc": 3101062,
			"DropId": 301062,
			"ID": 1062,
			"Icon": "item_icon_chest_04",
			"ImprintId": 0,
			"IsAutoUse": 0,
			"IsCanUsed": 1,
			"IsConsum": 1,
			"LockTime": 43200,
			"MainType": 3,
			"Name": 3001062,
			"Only": 0,
			"Order": 0,
			"Quality": 5,
			"RewardShow": [],
			"StackingLimit": 1,
			"SubType": 301,
			"UnlockConsume_Diamonds": "102*72",
			"UnlockConsume_Keys": "5002*12"
		},
		{
			"AutoUse": 0,
			"ChestRewardShow": [
				"740-869",
				"135-150"
			],
			"Desc": 3101063,
			"DropId": 301063,
			"ID": 1063,
			"Icon": "item_icon_chest_04",
			"ImprintId": 0,
			"IsAutoUse": 0,
			"IsCanUsed": 1,
			"IsConsum": 1,
			"LockTime": 43200,
			"MainType": 3,
			"Name": 3001063,
			"Only": 0,
			"Order": 0,
			"Quality": 5,
			"RewardShow": [],
			"StackingLimit": 1,
			"SubType": 301,
			"UnlockConsume_Diamonds": "102*72",
			"UnlockConsume_Keys": "5002*12"
		},
		{
			"AutoUse": 0,
			"ChestRewardShow": [
				"888-1043",
				"170-185"
			],
			"Desc": 3101064,
			"DropId": 301064,
			"ID": 1064,
			"Icon": "item_icon_chest_04",
			"ImprintId": 0,
			"IsAutoUse": 0,
			"IsCanUsed": 1,
			"IsConsum": 1,
			"LockTime": 43200,
			"MainType": 3,
			"Name": 3001064,
			"Only": 0,
			"Order": 0,
			"Quality": 5,
			"RewardShow": [],
			"StackingLimit": 1,
			"SubType": 301,
			"UnlockConsume_Diamonds": "102*72",
			"UnlockConsume_Keys": "5002*12"
		},
		{
			"AutoUse": 0,
			"ChestRewardShow": [
				"1036-1217",
				"200-215"
			],
			"Desc": 3101065,
			"DropId": 301065,
			"ID": 1065,
			"Icon": "item_icon_chest_04",
			"ImprintId": 0,
			"IsAutoUse": 0,
			"IsCanUsed": 1,
			"IsConsum": 1,
			"LockTime": 43200,
			"MainType": 3,
			"Name": 3001065,
			"Only": 0,
			"Order": 0,
			"Quality": 5,
			"RewardShow": [],
			"StackingLimit": 1,
			"SubType": 301,
			"UnlockConsume_Diamonds": "102*72",
			"UnlockConsume_Keys": "5002*12"
		},
		{
			"AutoUse": 0,
			"ChestRewardShow": [
				"1184-1391",
				"235-250"
			],
			"Desc": 3101066,
			"DropId": 301066,
			"ID": 1066,
			"Icon": "item_icon_chest_04",
			"ImprintId": 0,
			"IsAutoUse": 0,
			"IsCanUsed": 1,
			"IsConsum": 1,
			"LockTime": 43200,
			"MainType": 3,
			"Name": 3001066,
			"Only": 0,
			"Order": 0,
			"Quality": 5,
			"RewardShow": [],
			"StackingLimit": 1,
			"SubType": 301,
			"UnlockConsume_Diamonds": "102*72",
			"UnlockConsume_Keys": "5002*12"
		},
		{
			"AutoUse": 0,
			"ChestRewardShow": [
				"1333-1564",
				"265-280"
			],
			"Desc": 3101067,
			"DropId": 301067,
			"ID": 1067,
			"Icon": "item_icon_chest_04",
			"ImprintId": 0,
			"IsAutoUse": 0,
			"IsCanUsed": 1,
			"IsConsum": 1,
			"LockTime": 43200,
			"MainType": 3,
			"Name": 3001067,
			"Only": 0,
			"Order": 0,
			"Quality": 5,
			"RewardShow": [],
			"StackingLimit": 1,
			"SubType": 301,
			"UnlockConsume_Diamonds": "102*72",
			"UnlockConsume_Keys": "5002*12"
		},
		{
			"AutoUse": 0,
			"ChestRewardShow": [
				"1481-1738",
				"300-315"
			],
			"Desc": 3101068,
			"DropId": 301068,
			"ID": 1068,
			"Icon": "item_icon_chest_04",
			"ImprintId": 0,
			"IsAutoUse": 0,
			"IsCanUsed": 1,
			"IsConsum": 1,
			"LockTime": 43200,
			"MainType": 3,
			"Name": 3001068,
			"Only": 0,
			"Order": 0,
			"Quality": 5,
			"RewardShow": [],
			"StackingLimit": 1,
			"SubType": 301,
			"UnlockConsume_Diamonds": "102*72",
			"UnlockConsume_Keys": "5002*12"
		},
		{
			"AutoUse": 0,
			"ChestRewardShow": [
				"1629-1912",
				"330-345"
			],
			"Desc": 3101069,
			"DropId": 301069,
			"ID": 1069,
			"Icon": "item_icon_chest_04",
			"ImprintId": 0,
			"IsAutoUse": 0,
			"IsCanUsed": 1,
			"IsConsum": 1,
			"LockTime": 43200,
			"MainType": 3,
			"Name": 3001069,
			"Only": 0,
			"Order": 0,
			"Quality": 5,
			"RewardShow": [],
			"StackingLimit": 1,
			"SubType": 301,
			"UnlockConsume_Diamonds": "102*72",
			"UnlockConsume_Keys": "5002*12"
		},
		{
			"AutoUse": 0,
			"ChestRewardShow": [
				"1777-2086",
				"365-380"
			],
			"Desc": 3101070,
			"DropId": 301070,
			"ID": 1070,
			"Icon": "item_icon_chest_04",
			"ImprintId": 0,
			"IsAutoUse": 0,
			"IsCanUsed": 1,
			"IsConsum": 1,
			"LockTime": 43200,
			"MainType": 3,
			"Name": 3001070,
			"Only": 0,
			"Order": 0,
			"Quality": 5,
			"RewardShow": [],
			"StackingLimit": 1,
			"SubType": 301,
			"UnlockConsume_Diamonds": "102*72",
			"UnlockConsume_Keys": "5002*12"
		},
		{
			"AutoUse": 0,
			"ChestRewardShow": [
				"996-1169",
				"175-190"
			],
			"Desc": 3101081,
			"DropId": 301081,
			"ID": 1081,
			"Icon": "item_icon_chest_05",
			"ImprintId": 0,
			"IsAutoUse": 0,
			"IsCanUsed": 1,
			"IsConsum": 1,
			"LockTime": 86400,
			"MainType": 3,
			"Name": 3001081,
			"Only": 0,
			"Order": 0,
			"Quality": 6,
			"RewardShow": [],
			"StackingLimit": 1,
			"SubType": 301,
			"UnlockConsume_Diamonds": "102*144",
			"UnlockConsume_Keys": "5002*24"
		},
		{
			"AutoUse": 0,
			"ChestRewardShow": [
				"1328-1559",
				"245-260"
			],
			"Desc": 3101082,
			"DropId": 301082,
			"ID": 1082,
			"Icon": "item_icon_chest_05",
			"ImprintId": 0,
			"IsAutoUse": 0,
			"IsCanUsed": 1,
			"IsConsum": 1,
			"LockTime": 86400,
			"MainType": 3,
			"Name": 3001082,
			"Only": 0,
			"Order": 0,
			"Quality": 6,
			"RewardShow": [],
			"StackingLimit": 1,
			"SubType": 301,
			"UnlockConsume_Diamonds": "102*144",
			"UnlockConsume_Keys": "5002*24"
		},
		{
			"AutoUse": 0,
			"ChestRewardShow": [
				"1660-1949",
				"315-330"
			],
			"Desc": 3101083,
			"DropId": 301083,
			"ID": 1083,
			"Icon": "item_icon_chest_05",
			"ImprintId": 0,
			"IsAutoUse": 0,
			"IsCanUsed": 1,
			"IsConsum": 1,
			"LockTime": 86400,
			"MainType": 3,
			"Name": 3001083,
			"Only": 0,
			"Order": 0,
			"Quality": 6,
			"RewardShow": [],
			"StackingLimit": 1,
			"SubType": 301,
			"UnlockConsume_Diamonds": "102*144",
			"UnlockConsume_Keys": "5002*24"
		},
		{
			"AutoUse": 0,
			"ChestRewardShow": [
				"1992-2339",
				"390-405"
			],
			"Desc": 3101084,
			"DropId": 301084,
			"ID": 1084,
			"Icon": "item_icon_chest_05",
			"ImprintId": 0,
			"IsAutoUse": 0,
			"IsCanUsed": 1,
			"IsConsum": 1,
			"LockTime": 86400,
			"MainType": 3,
			"Name": 3001084,
			"Only": 0,
			"Order": 0,
			"Quality": 6,
			"RewardShow": [],
			"StackingLimit": 1,
			"SubType": 301,
			"UnlockConsume_Diamonds": "102*144",
			"UnlockConsume_Keys": "5002*24"
		},
		{
			"AutoUse": 0,
			"ChestRewardShow": [
				"2324-2729",
				"460-475"
			],
			"Desc": 3101085,
			"DropId": 301085,
			"ID": 1085,
			"Icon": "item_icon_chest_05",
			"ImprintId": 0,
			"IsAutoUse": 0,
			"IsCanUsed": 1,
			"IsConsum": 1,
			"LockTime": 86400,
			"MainType": 3,
			"Name": 3001085,
			"Only": 0,
			"Order": 0,
			"Quality": 6,
			"RewardShow": [],
			"StackingLimit": 1,
			"SubType": 301,
			"UnlockConsume_Diamonds": "102*144",
			"UnlockConsume_Keys": "5002*24"
		},
		{
			"AutoUse": 0,
			"ChestRewardShow": [
				"2656-3119",
				"535-550"
			],
			"Desc": 3101086,
			"DropId": 301086,
			"ID": 1086,
			"Icon": "item_icon_chest_05",
			"ImprintId": 0,
			"IsAutoUse": 0,
			"IsCanUsed": 1,
			"IsConsum": 1,
			"LockTime": 86400,
			"MainType": 3,
			"Name": 3001086,
			"Only": 0,
			"Order": 0,
			"Quality": 6,
			"RewardShow": [],
			"StackingLimit": 1,
			"SubType": 301,
			"UnlockConsume_Diamonds": "102*144",
			"UnlockConsume_Keys": "5002*24"
		},
		{
			"AutoUse": 0,
			"ChestRewardShow": [
				"2989-3508",
				"605-620"
			],
			"Desc": 3101087,
			"DropId": 301087,
			"ID": 1087,
			"Icon": "item_icon_chest_05",
			"ImprintId": 0,
			"IsAutoUse": 0,
			"IsCanUsed": 1,
			"IsConsum": 1,
			"LockTime": 86400,
			"MainType": 3,
			"Name": 3001087,
			"Only": 0,
			"Order": 0,
			"Quality": 6,
			"RewardShow": [],
			"StackingLimit": 1,
			"SubType": 301,
			"UnlockConsume_Diamonds": "102*144",
			"UnlockConsume_Keys": "5002*24"
		},
		{
			"AutoUse": 0,
			"ChestRewardShow": [
				"3321-3898",
				"680-695"
			],
			"Desc": 3101088,
			"DropId": 301088,
			"ID": 1088,
			"Icon": "item_icon_chest_05",
			"ImprintId": 0,
			"IsAutoUse": 0,
			"IsCanUsed": 1,
			"IsConsum": 1,
			"LockTime": 86400,
			"MainType": 3,
			"Name": 3001088,
			"Only": 0,
			"Order": 0,
			"Quality": 6,
			"RewardShow": [],
			"StackingLimit": 1,
			"SubType": 301,
			"UnlockConsume_Diamonds": "102*144",
			"UnlockConsume_Keys": "5002*24"
		},
		{
			"AutoUse": 0,
			"ChestRewardShow": [
				"3653-4288",
				"750-765"
			],
			"Desc": 3101089,
			"DropId": 301089,
			"ID": 1089,
			"Icon": "item_icon_chest_05",
			"ImprintId": 0,
			"IsAutoUse": 0,
			"IsCanUsed": 1,
			"IsConsum": 1,
			"LockTime": 86400,
			"MainType": 3,
			"Name": 3001089,
			"Only": 0,
			"Order": 0,
			"Quality": 6,
			"RewardShow": [],
			"StackingLimit": 1,
			"SubType": 301,
			"UnlockConsume_Diamonds": "102*144",
			"UnlockConsume_Keys": "5002*24"
		},
		{
			"AutoUse": 0,
			"ChestRewardShow": [
				"3985-4678",
				"825-840"
			],
			"Desc": 3101090,
			"DropId": 301090,
			"ID": 1090,
			"Icon": "item_icon_chest_05",
			"ImprintId": 0,
			"IsAutoUse": 0,
			"IsCanUsed": 1,
			"IsConsum": 1,
			"LockTime": 86400,
			"MainType": 3,
			"Name": 3001090,
			"Only": 0,
			"Order": 0,
			"Quality": 6,
			"RewardShow": [],
			"StackingLimit": 1,
			"SubType": 301,
			"UnlockConsume_Diamonds": "102*144",
			"UnlockConsume_Keys": "5002*24"
		},
		{
			"AutoUse": 0,
			"ChestRewardShow": [
				"85-100",
				"15-22"
			],
			"Desc": 3101201,
			"DropId": 301201,
			"ID": 1201,
			"Icon": "item_icon_chest_01",
			"ImprintId": 0,
			"IsAutoUse": 1,
			"IsCanUsed": 1,
			"IsConsum": 1,
			"LockTime": 0,
			"MainType": 3,
			"Name": 3001201,
			"Only": 0,
			"Order": 0,
			"Quality": 2,
			"RewardShow": [],
			"StackingLimit": 1,
			"SubType": 302,
			"UnlockConsume_Diamonds": "",
			"UnlockConsume_Keys": ""
		},
		{
			"AutoUse": 0,
			"ChestRewardShow": [
				"114-133",
				"20-28"
			],
			"Desc": 3101202,
			"DropId": 301202,
			"ID": 1202,
			"Icon": "item_icon_chest_01",
			"ImprintId": 0,
			"IsAutoUse": 1,
			"IsCanUsed": 1,
			"IsConsum": 1,
			"LockTime": 0,
			"MainType": 3,
			"Name": 3001202,
			"Only": 0,
			"Order": 0,
			"Quality": 2,
			"RewardShow": [],
			"StackingLimit": 1,
			"SubType": 302,
			"UnlockConsume_Diamonds": "",
			"UnlockConsume_Keys": ""
		},
		{
			"AutoUse": 0,
			"ChestRewardShow": [
				"142-167",
				"20-33"
			],
			"Desc": 3101203,
			"DropId": 301203,
			"ID": 1203,
			"Icon": "item_icon_chest_01",
			"ImprintId": 0,
			"IsAutoUse": 1,
			"IsCanUsed": 1,
			"IsConsum": 1,
			"LockTime": 0,
			"MainType": 3,
			"Name": 3001203,
			"Only": 0,
			"Order": 0,
			"Quality": 2,
			"RewardShow": [],
			"StackingLimit": 1,
			"SubType": 302,
			"UnlockConsume_Diamonds": "",
			"UnlockConsume_Keys": ""
		},
		{
			"AutoUse": 0,
			"ChestRewardShow": [
				"171-200",
				"25-38"
			],
			"Desc": 3101204,
			"DropId": 301204,
			"ID": 1204,
			"Icon": "item_icon_chest_01",
			"ImprintId": 0,
			"IsAutoUse": 1,
			"IsCanUsed": 1,
			"IsConsum": 1,
			"LockTime": 0,
			"MainType": 3,
			"Name": 3001204,
			"Only": 0,
			"Order": 0,
			"Quality": 2,
			"RewardShow": [],
			"StackingLimit": 1,
			"SubType": 302,
			"UnlockConsume_Diamonds": "",
			"UnlockConsume_Keys": ""
		},
		{
			"AutoUse": 0,
			"ChestRewardShow": [
				"199-234",
				"35-48"
			],
			"Desc": 3101205,
			"DropId": 301205,
			"ID": 1205,
			"Icon": "item_icon_chest_01",
			"ImprintId": 0,
			"IsAutoUse": 1,
			"IsCanUsed": 1,
			"IsConsum": 1,
			"LockTime": 0,
			"MainType": 3,
			"Name": 3001205,
			"Only": 0,
			"Order": 0,
			"Quality": 2,
			"RewardShow": [],
			"StackingLimit": 1,
			"SubType": 302,
			"UnlockConsume_Diamonds": "",
			"UnlockConsume_Keys": ""
		},
		{
			"AutoUse": 0,
			"ChestRewardShow": [
				"228-267",
				"40-54"
			],
			"Desc": 3101206,
			"DropId": 301206,
			"ID": 1206,
			"Icon": "item_icon_chest_01",
			"ImprintId": 0,
			"IsAutoUse": 1,
			"IsCanUsed": 1,
			"IsConsum": 1,
			"LockTime": 0,
			"MainType": 3,
			"Name": 3001206,
			"Only": 0,
			"Order": 0,
			"Quality": 2,
			"RewardShow": [],
			"StackingLimit": 1,
			"SubType": 302,
			"UnlockConsume_Diamonds": "",
			"UnlockConsume_Keys": ""
		},
		{
			"AutoUse": 0,
			"ChestRewardShow": [
				"256-301",
				"45-59"
			],
			"Desc": 3101207,
			"DropId": 301207,
			"ID": 1207,
			"Icon": "item_icon_chest_01",
			"ImprintId": 0,
			"IsAutoUse": 1,
			"IsCanUsed": 1,
			"IsConsum": 1,
			"LockTime": 0,
			"MainType": 3,
			"Name": 3001207,
			"Only": 0,
			"Order": 0,
			"Quality": 2,
			"RewardShow": [],
			"StackingLimit": 1,
			"SubType": 302,
			"UnlockConsume_Diamonds": "",
			"UnlockConsume_Keys": ""
		},
		{
			"AutoUse": 0,
			"ChestRewardShow": [
				"285-334",
				"50-64"
			],
			"Desc": 3101208,
			"DropId": 301208,
			"ID": 1208,
			"Icon": "item_icon_chest_01",
			"ImprintId": 0,
			"IsAutoUse": 1,
			"IsCanUsed": 1,
			"IsConsum": 1,
			"LockTime": 0,
			"MainType": 3,
			"Name": 3001208,
			"Only": 0,
			"Order": 0,
			"Quality": 2,
			"RewardShow": [],
			"StackingLimit": 1,
			"SubType": 302,
			"UnlockConsume_Diamonds": "",
			"UnlockConsume_Keys": ""
		},
		{
			"AutoUse": 0,
			"ChestRewardShow": [
				"313-368",
				"60-75"
			],
			"Desc": 3101209,
			"DropId": 301209,
			"ID": 1209,
			"Icon": "item_icon_chest_01",
			"ImprintId": 0,
			"IsAutoUse": 1,
			"IsCanUsed": 1,
			"IsConsum": 1,
			"LockTime": 0,
			"MainType": 3,
			"Name": 3001209,
			"Only": 0,
			"Order": 0,
			"Quality": 2,
			"RewardShow": [],
			"StackingLimit": 1,
			"SubType": 302,
			"UnlockConsume_Diamonds": "",
			"UnlockConsume_Keys": ""
		},
		{
			"AutoUse": 0,
			"ChestRewardShow": [
				"342-401",
				"65-80"
			],
			"Desc": 3101210,
			"DropId": 301210,
			"ID": 1210,
			"Icon": "item_icon_chest_01",
			"ImprintId": 0,
			"IsAutoUse": 1,
			"IsCanUsed": 1,
			"IsConsum": 1,
			"LockTime": 0,
			"MainType": 3,
			"Name": 3001210,
			"Only": 0,
			"Order": 0,
			"Quality": 2,
			"RewardShow": [],
			"StackingLimit": 1,
			"SubType": 302,
			"UnlockConsume_Diamonds": "",
			"UnlockConsume_Keys": ""
		},
		{
			"AutoUse": 0,
			"ChestRewardShow": [
				"168-197",
				"25-38"
			],
			"Desc": 3101221,
			"DropId": 301221,
			"ID": 1221,
			"Icon": "item_icon_chest_02",
			"ImprintId": 0,
			"IsAutoUse": 1,
			"IsCanUsed": 1,
			"IsConsum": 1,
			"LockTime": 0,
			"MainType": 3,
			"Name": 3001221,
			"Only": 0,
			"Order": 0,
			"Quality": 3,
			"RewardShow": [],
			"StackingLimit": 1,
			"SubType": 302,
			"UnlockConsume_Diamonds": "",
			"UnlockConsume_Keys": ""
		},
		{
			"AutoUse": 0,
			"ChestRewardShow": [
				"224-263",
				"35-49"
			],
			"Desc": 3101222,
			"DropId": 301222,
			"ID": 1222,
			"Icon": "item_icon_chest_02",
			"ImprintId": 0,
			"IsAutoUse": 1,
			"IsCanUsed": 1,
			"IsConsum": 1,
			"LockTime": 0,
			"MainType": 3,
			"Name": 3001222,
			"Only": 0,
			"Order": 0,
			"Quality": 3,
			"RewardShow": [],
			"StackingLimit": 1,
			"SubType": 302,
			"UnlockConsume_Diamonds": "",
			"UnlockConsume_Keys": ""
		},
		{
			"AutoUse": 0,
			"ChestRewardShow": [
				"280-329",
				"45-59"
			],
			"Desc": 3101223,
			"DropId": 301223,
			"ID": 1223,
			"Icon": "item_icon_chest_02",
			"ImprintId": 0,
			"IsAutoUse": 1,
			"IsCanUsed": 1,
			"IsConsum": 1,
			"LockTime": 0,
			"MainType": 3,
			"Name": 3001223,
			"Only": 0,
			"Order": 0,
			"Quality": 3,
			"RewardShow": [],
			"StackingLimit": 1,
			"SubType": 302,
			"UnlockConsume_Diamonds": "",
			"UnlockConsume_Keys": ""
		},
		{
			"AutoUse": 0,
			"ChestRewardShow": [
				"336-395",
				"60-75"
			],
			"Desc": 3101224,
			"DropId": 301224,
			"ID": 1224,
			"Icon": "item_icon_chest_02",
			"ImprintId": 0,
			"IsAutoUse": 1,
			"IsCanUsed": 1,
			"IsConsum": 1,
			"LockTime": 0,
			"MainType": 3,
			"Name": 3001224,
			"Only": 0,
			"Order": 0,
			"Quality": 3,
			"RewardShow": [],
			"StackingLimit": 1,
			"SubType": 302,
			"UnlockConsume_Diamonds": "",
			"UnlockConsume_Keys": ""
		},
		{
			"AutoUse": 0,
			"ChestRewardShow": [
				"392-461",
				"70-85"
			],
			"Desc": 3101225,
			"DropId": 301225,
			"ID": 1225,
			"Icon": "item_icon_chest_02",
			"ImprintId": 0,
			"IsAutoUse": 1,
			"IsCanUsed": 1,
			"IsConsum": 1,
			"LockTime": 0,
			"MainType": 3,
			"Name": 3001225,
			"Only": 0,
			"Order": 0,
			"Quality": 3,
			"RewardShow": [],
			"StackingLimit": 1,
			"SubType": 302,
			"UnlockConsume_Diamonds": "",
			"UnlockConsume_Keys": ""
		},
		{
			"AutoUse": 0,
			"ChestRewardShow": [
				"448-527",
				"85-100"
			],
			"Desc": 3101226,
			"DropId": 301226,
			"ID": 1226,
			"Icon": "item_icon_chest_02",
			"ImprintId": 0,
			"IsAutoUse": 1,
			"IsCanUsed": 1,
			"IsConsum": 1,
			"LockTime": 0,
			"MainType": 3,
			"Name": 3001226,
			"Only": 0,
			"Order": 0,
			"Quality": 3,
			"RewardShow": [],
			"StackingLimit": 1,
			"SubType": 302,
			"UnlockConsume_Diamonds": "",
			"UnlockConsume_Keys": ""
		},
		{
			"AutoUse": 0,
			"ChestRewardShow": [
				"505-592",
				"95-110"
			],
			"Desc": 3101227,
			"DropId": 301227,
			"ID": 1227,
			"Icon": "item_icon_chest_02",
			"ImprintId": 0,
			"IsAutoUse": 1,
			"IsCanUsed": 1,
			"IsConsum": 1,
			"LockTime": 0,
			"MainType": 3,
			"Name": 3001227,
			"Only": 0,
			"Order": 0,
			"Quality": 3,
			"RewardShow": [],
			"StackingLimit": 1,
			"SubType": 302,
			"UnlockConsume_Diamonds": "",
			"UnlockConsume_Keys": ""
		},
		{
			"AutoUse": 0,
			"ChestRewardShow": [
				"561-658",
				"110-125"
			],
			"Desc": 3101228,
			"DropId": 301228,
			"ID": 1228,
			"Icon": "item_icon_chest_02",
			"ImprintId": 0,
			"IsAutoUse": 1,
			"IsCanUsed": 1,
			"IsConsum": 1,
			"LockTime": 0,
			"MainType": 3,
			"Name": 3001228,
			"Only": 0,
			"Order": 0,
			"Quality": 3,
			"RewardShow": [],
			"StackingLimit": 1,
			"SubType": 302,
			"UnlockConsume_Diamonds": "",
			"UnlockConsume_Keys": ""
		},
		{
			"AutoUse": 0,
			"ChestRewardShow": [
				"617-724",
				"120-135"
			],
			"Desc": 3101229,
			"DropId": 301229,
			"ID": 1229,
			"Icon": "item_icon_chest_02",
			"ImprintId": 0,
			"IsAutoUse": 1,
			"IsCanUsed": 1,
			"IsConsum": 1,
			"LockTime": 0,
			"MainType": 3,
			"Name": 3001229,
			"Only": 0,
			"Order": 0,
			"Quality": 3,
			"RewardShow": [],
			"StackingLimit": 1,
			"SubType": 302,
			"UnlockConsume_Diamonds": "",
			"UnlockConsume_Keys": ""
		},
		{
			"AutoUse": 0,
			"ChestRewardShow": [
				"673-790",
				"135-150"
			],
			"Desc": 3101230,
			"DropId": 301230,
			"ID": 1230,
			"Icon": "item_icon_chest_02",
			"ImprintId": 0,
			"IsAutoUse": 1,
			"IsCanUsed": 1,
			"IsConsum": 1,
			"LockTime": 0,
			"MainType": 3,
			"Name": 3001230,
			"Only": 0,
			"Order": 0,
			"Quality": 3,
			"RewardShow": [],
			"StackingLimit": 1,
			"SubType": 302,
			"UnlockConsume_Diamonds": "",
			"UnlockConsume_Keys": ""
		},
		{
			"AutoUse": 0,
			"ChestRewardShow": [
				"333-392",
				"55-69"
			],
			"Desc": 3101241,
			"DropId": 301241,
			"ID": 1241,
			"Icon": "item_icon_chest_03",
			"ImprintId": 0,
			"IsAutoUse": 1,
			"IsCanUsed": 1,
			"IsConsum": 1,
			"LockTime": 0,
			"MainType": 3,
			"Name": 3001241,
			"Only": 0,
			"Order": 0,
			"Quality": 4,
			"RewardShow": [],
			"StackingLimit": 1,
			"SubType": 302,
			"UnlockConsume_Diamonds": "",
			"UnlockConsume_Keys": ""
		},
		{
			"AutoUse": 0,
			"ChestRewardShow": [
				"445-522",
				"75-90"
			],
			"Desc": 3101242,
			"DropId": 301242,
			"ID": 1242,
			"Icon": "item_icon_chest_03",
			"ImprintId": 0,
			"IsAutoUse": 1,
			"IsCanUsed": 1,
			"IsConsum": 1,
			"LockTime": 0,
			"MainType": 3,
			"Name": 3001242,
			"Only": 0,
			"Order": 0,
			"Quality": 4,
			"RewardShow": [],
			"StackingLimit": 1,
			"SubType": 302,
			"UnlockConsume_Diamonds": "",
			"UnlockConsume_Keys": ""
		},
		{
			"AutoUse": 0,
			"ChestRewardShow": [
				"556-653",
				"100-115"
			],
			"Desc": 3101243,
			"DropId": 301243,
			"ID": 1243,
			"Icon": "item_icon_chest_03",
			"ImprintId": 0,
			"IsAutoUse": 1,
			"IsCanUsed": 1,
			"IsConsum": 1,
			"LockTime": 0,
			"MainType": 3,
			"Name": 3001243,
			"Only": 0,
			"Order": 0,
			"Quality": 4,
			"RewardShow": [],
			"StackingLimit": 1,
			"SubType": 302,
			"UnlockConsume_Diamonds": "",
			"UnlockConsume_Keys": ""
		},
		{
			"AutoUse": 0,
			"ChestRewardShow": [
				"667-784",
				"125-140"
			],
			"Desc": 3101244,
			"DropId": 301244,
			"ID": 1244,
			"Icon": "item_icon_chest_03",
			"ImprintId": 0,
			"IsAutoUse": 1,
			"IsCanUsed": 1,
			"IsConsum": 1,
			"LockTime": 0,
			"MainType": 3,
			"Name": 3001244,
			"Only": 0,
			"Order": 0,
			"Quality": 4,
			"RewardShow": [],
			"StackingLimit": 1,
			"SubType": 302,
			"UnlockConsume_Diamonds": "",
			"UnlockConsume_Keys": ""
		},
		{
			"AutoUse": 0,
			"ChestRewardShow": [
				"779-914",
				"150-165"
			],
			"Desc": 3101245,
			"DropId": 301245,
			"ID": 1245,
			"Icon": "item_icon_chest_03",
			"ImprintId": 0,
			"IsAutoUse": 1,
			"IsCanUsed": 1,
			"IsConsum": 1,
			"LockTime": 0,
			"MainType": 3,
			"Name": 3001245,
			"Only": 0,
			"Order": 0,
			"Quality": 4,
			"RewardShow": [],
			"StackingLimit": 1,
			"SubType": 302,
			"UnlockConsume_Diamonds": "",
			"UnlockConsume_Keys": ""
		},
		{
			"AutoUse": 0,
			"ChestRewardShow": [
				"890-1045",
				"175-190"
			],
			"Desc": 3101246,
			"DropId": 301246,
			"ID": 1246,
			"Icon": "item_icon_chest_03",
			"ImprintId": 0,
			"IsAutoUse": 1,
			"IsCanUsed": 1,
			"IsConsum": 1,
			"LockTime": 0,
			"MainType": 3,
			"Name": 3001246,
			"Only": 0,
			"Order": 0,
			"Quality": 4,
			"RewardShow": [],
			"StackingLimit": 1,
			"SubType": 302,
			"UnlockConsume_Diamonds": "",
			"UnlockConsume_Keys": ""
		},
		{
			"AutoUse": 0,
			"ChestRewardShow": [
				"1001-1176",
				"200-215"
			],
			"Desc": 3101247,
			"DropId": 301247,
			"ID": 1247,
			"Icon": "item_icon_chest_03",
			"ImprintId": 0,
			"IsAutoUse": 1,
			"IsCanUsed": 1,
			"IsConsum": 1,
			"LockTime": 0,
			"MainType": 3,
			"Name": 3001247,
			"Only": 0,
			"Order": 0,
			"Quality": 4,
			"RewardShow": [],
			"StackingLimit": 1,
			"SubType": 302,
			"UnlockConsume_Diamonds": "",
			"UnlockConsume_Keys": ""
		},
		{
			"AutoUse": 0,
			"ChestRewardShow": [
				"1113-1306",
				"220-235"
			],
			"Desc": 3101248,
			"DropId": 301248,
			"ID": 1248,
			"Icon": "item_icon_chest_03",
			"ImprintId": 0,
			"IsAutoUse": 1,
			"IsCanUsed": 1,
			"IsConsum": 1,
			"LockTime": 0,
			"MainType": 3,
			"Name": 3001248,
			"Only": 0,
			"Order": 0,
			"Quality": 4,
			"RewardShow": [],
			"StackingLimit": 1,
			"SubType": 302,
			"UnlockConsume_Diamonds": "",
			"UnlockConsume_Keys": ""
		},
		{
			"AutoUse": 0,
			"ChestRewardShow": [
				"1224-1437",
				"245-260"
			],
			"Desc": 3101249,
			"DropId": 301249,
			"ID": 1249,
			"Icon": "item_icon_chest_03",
			"ImprintId": 0,
			"IsAutoUse": 1,
			"IsCanUsed": 1,
			"IsConsum": 1,
			"LockTime": 0,
			"MainType": 3,
			"Name": 3001249,
			"Only": 0,
			"Order": 0,
			"Quality": 4,
			"RewardShow": [],
			"StackingLimit": 1,
			"SubType": 302,
			"UnlockConsume_Diamonds": "",
			"UnlockConsume_Keys": ""
		},
		{
			"AutoUse": 0,
			"ChestRewardShow": [
				"1335-1568",
				"270-285"
			],
			"Desc": 3101250,
			"DropId": 301250,
			"ID": 1250,
			"Icon": "item_icon_chest_03",
			"ImprintId": 0,
			"IsAutoUse": 1,
			"IsCanUsed": 1,
			"IsConsum": 1,
			"LockTime": 0,
			"MainType": 3,
			"Name": 3001250,
			"Only": 0,
			"Order": 0,
			"Quality": 4,
			"RewardShow": [],
			"StackingLimit": 1,
			"SubType": 302,
			"UnlockConsume_Diamonds": "",
			"UnlockConsume_Keys": ""
		},
		{
			"AutoUse": 0,
			"ChestRewardShow": [
				"720-845",
				"125-140"
			],
			"Desc": 3101261,
			"DropId": 301261,
			"ID": 1261,
			"Icon": "item_icon_chest_04",
			"ImprintId": 0,
			"IsAutoUse": 1,
			"IsCanUsed": 1,
			"IsConsum": 1,
			"LockTime": 0,
			"MainType": 3,
			"Name": 3001261,
			"Only": 0,
			"Order": 0,
			"Quality": 5,
			"RewardShow": [],
			"StackingLimit": 1,
			"SubType": 302,
			"UnlockConsume_Diamonds": "",
			"UnlockConsume_Keys": ""
		},
		{
			"AutoUse": 0,
			"ChestRewardShow": [
				"960-1127",
				"175-190"
			],
			"Desc": 3101262,
			"DropId": 301262,
			"ID": 1262,
			"Icon": "item_icon_chest_04",
			"ImprintId": 0,
			"IsAutoUse": 1,
			"IsCanUsed": 1,
			"IsConsum": 1,
			"LockTime": 0,
			"MainType": 3,
			"Name": 3001262,
			"Only": 0,
			"Order": 0,
			"Quality": 5,
			"RewardShow": [],
			"StackingLimit": 1,
			"SubType": 302,
			"UnlockConsume_Diamonds": "",
			"UnlockConsume_Keys": ""
		},
		{
			"AutoUse": 0,
			"ChestRewardShow": [
				"1200-1409",
				"225-240"
			],
			"Desc": 3101263,
			"DropId": 301263,
			"ID": 1263,
			"Icon": "item_icon_chest_04",
			"ImprintId": 0,
			"IsAutoUse": 1,
			"IsCanUsed": 1,
			"IsConsum": 1,
			"LockTime": 0,
			"MainType": 3,
			"Name": 3001263,
			"Only": 0,
			"Order": 0,
			"Quality": 5,
			"RewardShow": [],
			"StackingLimit": 1,
			"SubType": 302,
			"UnlockConsume_Diamonds": "",
			"UnlockConsume_Keys": ""
		},
		{
			"AutoUse": 0,
			"ChestRewardShow": [
				"1440-1691",
				"280-295"
			],
			"Desc": 3101264,
			"DropId": 301264,
			"ID": 1264,
			"Icon": "item_icon_chest_04",
			"ImprintId": 0,
			"IsAutoUse": 1,
			"IsCanUsed": 1,
			"IsConsum": 1,
			"LockTime": 0,
			"MainType": 3,
			"Name": 3001264,
			"Only": 0,
			"Order": 0,
			"Quality": 5,
			"RewardShow": [],
			"StackingLimit": 1,
			"SubType": 302,
			"UnlockConsume_Diamonds": "",
			"UnlockConsume_Keys": ""
		},
		{
			"AutoUse": 0,
			"ChestRewardShow": [
				"1680-1973",
				"330-345"
			],
			"Desc": 3101265,
			"DropId": 301265,
			"ID": 1265,
			"Icon": "item_icon_chest_04",
			"ImprintId": 0,
			"IsAutoUse": 1,
			"IsCanUsed": 1,
			"IsConsum": 1,
			"LockTime": 0,
			"MainType": 3,
			"Name": 3001265,
			"Only": 0,
			"Order": 0,
			"Quality": 5,
			"RewardShow": [],
			"StackingLimit": 1,
			"SubType": 302,
			"UnlockConsume_Diamonds": "",
			"UnlockConsume_Keys": ""
		},
		{
			"AutoUse": 0,
			"ChestRewardShow": [
				"1920-2255",
				"385-400"
			],
			"Desc": 3101266,
			"DropId": 301266,
			"ID": 1266,
			"Icon": "item_icon_chest_04",
			"ImprintId": 0,
			"IsAutoUse": 1,
			"IsCanUsed": 1,
			"IsConsum": 1,
			"LockTime": 0,
			"MainType": 3,
			"Name": 3001266,
			"Only": 0,
			"Order": 0,
			"Quality": 5,
			"RewardShow": [],
			"StackingLimit": 1,
			"SubType": 302,
			"UnlockConsume_Diamonds": "",
			"UnlockConsume_Keys": ""
		},
		{
			"AutoUse": 0,
			"ChestRewardShow": [
				"2161-2536",
				"435-450"
			],
			"Desc": 3101267,
			"DropId": 301267,
			"ID": 1267,
			"Icon": "item_icon_chest_04",
			"ImprintId": 0,
			"IsAutoUse": 1,
			"IsCanUsed": 1,
			"IsConsum": 1,
			"LockTime": 0,
			"MainType": 3,
			"Name": 3001267,
			"Only": 0,
			"Order": 0,
			"Quality": 5,
			"RewardShow": [],
			"StackingLimit": 1,
			"SubType": 302,
			"UnlockConsume_Diamonds": "",
			"UnlockConsume_Keys": ""
		},
		{
			"AutoUse": 0,
			"ChestRewardShow": [
				"2401-2818",
				"490-505"
			],
			"Desc": 3101268,
			"DropId": 301268,
			"ID": 1268,
			"Icon": "item_icon_chest_04",
			"ImprintId": 0,
			"IsAutoUse": 1,
			"IsCanUsed": 1,
			"IsConsum": 1,
			"LockTime": 0,
			"MainType": 3,
			"Name": 3001268,
			"Only": 0,
			"Order": 0,
			"Quality": 5,
			"RewardShow": [],
			"StackingLimit": 1,
			"SubType": 302,
			"UnlockConsume_Diamonds": "",
			"UnlockConsume_Keys": ""
		},
		{
			"AutoUse": 0,
			"ChestRewardShow": [
				"2641-3100",
				"540-555"
			],
			"Desc": 3101269,
			"DropId": 301269,
			"ID": 1269,
			"Icon": "item_icon_chest_04",
			"ImprintId": 0,
			"IsAutoUse": 1,
			"IsCanUsed": 1,
			"IsConsum": 1,
			"LockTime": 0,
			"MainType": 3,
			"Name": 3001269,
			"Only": 0,
			"Order": 0,
			"Quality": 5,
			"RewardShow": [],
			"StackingLimit": 1,
			"SubType": 302,
			"UnlockConsume_Diamonds": "",
			"UnlockConsume_Keys": ""
		},
		{
			"AutoUse": 0,
			"ChestRewardShow": [
				"2881-3382",
				"595-610"
			],
			"Desc": 3101270,
			"DropId": 301270,
			"ID": 1270,
			"Icon": "item_icon_chest_04",
			"ImprintId": 0,
			"IsAutoUse": 1,
			"IsCanUsed": 1,
			"IsConsum": 1,
			"LockTime": 0,
			"MainType": 3,
			"Name": 3001270,
			"Only": 0,
			"Order": 0,
			"Quality": 5,
			"RewardShow": [],
			"StackingLimit": 1,
			"SubType": 302,
			"UnlockConsume_Diamonds": "",
			"UnlockConsume_Keys": ""
		},
		{
			"AutoUse": 0,
			"ChestRewardShow": [
				"169-198",
				"25-38"
			],
			"Desc": 3101401,
			"DropId": 301401,
			"ID": 1401,
			"Icon": "item_icon_sjchest_01",
			"ImprintId": 0,
			"IsAutoUse": 1,
			"IsCanUsed": 1,
			"IsConsum": 1,
			"LockTime": 0,
			"MainType": 3,
			"Name": 3001401,
			"Only": 0,
			"Order": 0,
			"Quality": 2,
			"RewardShow": [
				"101*339-398*100%",
				"206*55-70*100%"
			],
			"StackingLimit": 1,
			"SubType": 302,
			"UnlockConsume_Diamonds": "",
			"UnlockConsume_Keys": ""
		},
		{
			"AutoUse": 0,
			"ChestRewardShow": [
				"226-265",
				"35-49"
			],
			"Desc": 3101402,
			"DropId": 301402,
			"ID": 1402,
			"Icon": "item_icon_sjchest_01",
			"ImprintId": 0,
			"IsAutoUse": 1,
			"IsCanUsed": 1,
			"IsConsum": 1,
			"LockTime": 0,
			"MainType": 3,
			"Name": 3001402,
			"Only": 0,
			"Order": 0,
			"Quality": 2,
			"RewardShow": [
				"101*452-531*100%",
				"206*80-95*100%"
			],
			"StackingLimit": 1,
			"SubType": 302,
			"UnlockConsume_Diamonds": "",
			"UnlockConsume_Keys": ""
		},
		{
			"AutoUse": 0,
			"ChestRewardShow": [
				"283-332",
				"50-64"
			],
			"Desc": 3101403,
			"DropId": 301403,
			"ID": 1403,
			"Icon": "item_icon_sjchest_01",
			"ImprintId": 0,
			"IsAutoUse": 1,
			"IsCanUsed": 1,
			"IsConsum": 1,
			"LockTime": 0,
			"MainType": 3,
			"Name": 3001403,
			"Only": 0,
			"Order": 0,
			"Quality": 2,
			"RewardShow": [
				"101*566-665*100%",
				"206*105-120*100%"
			],
			"StackingLimit": 1,
			"SubType": 302,
			"UnlockConsume_Diamonds": "",
			"UnlockConsume_Keys": ""
		},
		{
			"AutoUse": 0,
			"ChestRewardShow": [
				"339-398",
				"60-75"
			],
			"Desc": 3101404,
			"DropId": 301404,
			"ID": 1404,
			"Icon": "item_icon_sjchest_01",
			"ImprintId": 0,
			"IsAutoUse": 1,
			"IsCanUsed": 1,
			"IsConsum": 1,
			"LockTime": 0,
			"MainType": 3,
			"Name": 3001404,
			"Only": 0,
			"Order": 0,
			"Quality": 2,
			"RewardShow": [
				"101*679-798*100%",
				"206*130-145*100%"
			],
			"StackingLimit": 1,
			"SubType": 302,
			"UnlockConsume_Diamonds": "",
			"UnlockConsume_Keys": ""
		},
		{
			"AutoUse": 0,
			"ChestRewardShow": [
				"396-465",
				"75-90"
			],
			"Desc": 3101405,
			"DropId": 301405,
			"ID": 1405,
			"Icon": "item_icon_sjchest_01",
			"ImprintId": 0,
			"IsAutoUse": 1,
			"IsCanUsed": 1,
			"IsConsum": 1,
			"LockTime": 0,
			"MainType": 3,
			"Name": 3001405,
			"Only": 0,
			"Order": 0,
			"Quality": 2,
			"RewardShow": [
				"101*793-930*100%",
				"206*155-170*100%"
			],
			"StackingLimit": 1,
			"SubType": 302,
			"UnlockConsume_Diamonds": "",
			"UnlockConsume_Keys": ""
		},
		{
			"AutoUse": 0,
			"ChestRewardShow": [
				"452-531",
				"85-100"
			],
			"Desc": 3101406,
			"DropId": 301406,
			"ID": 1406,
			"Icon": "item_icon_sjchest_01",
			"ImprintId": 0,
			"IsAutoUse": 1,
			"IsCanUsed": 1,
			"IsConsum": 1,
			"LockTime": 0,
			"MainType": 3,
			"Name": 3001406,
			"Only": 0,
			"Order": 0,
			"Quality": 2,
			"RewardShow": [
				"101*906-1063*100%",
				"206*175-190*100%"
			],
			"StackingLimit": 1,
			"SubType": 302,
			"UnlockConsume_Diamonds": "",
			"UnlockConsume_Keys": ""
		},
		{
			"AutoUse": 0,
			"ChestRewardShow": [
				"509-598",
				"95-110"
			],
			"Desc": 3101407,
			"DropId": 301407,
			"ID": 1407,
			"Icon": "item_icon_sjchest_01",
			"ImprintId": 0,
			"IsAutoUse": 1,
			"IsCanUsed": 1,
			"IsConsum": 1,
			"LockTime": 0,
			"MainType": 3,
			"Name": 3001407,
			"Only": 0,
			"Order": 0,
			"Quality": 2,
			"RewardShow": [
				"101*1019-1196*100%",
				"206*200-215*100%"
			],
			"StackingLimit": 1,
			"SubType": 302,
			"UnlockConsume_Diamonds": "",
			"UnlockConsume_Keys": ""
		},
		{
			"AutoUse": 0,
			"ChestRewardShow": [
				"566-665",
				"110-125"
			],
			"Desc": 3101408,
			"DropId": 301408,
			"ID": 1408,
			"Icon": "item_icon_sjchest_01",
			"ImprintId": 0,
			"IsAutoUse": 1,
			"IsCanUsed": 1,
			"IsConsum": 1,
			"LockTime": 0,
			"MainType": 3,
			"Name": 3001408,
			"Only": 0,
			"Order": 0,
			"Quality": 2,
			"RewardShow": [
				"101*1133-1330*100%",
				"206*225-240*100%"
			],
			"StackingLimit": 1,
			"SubType": 302,
			"UnlockConsume_Diamonds": "",
			"UnlockConsume_Keys": ""
		},
		{
			"AutoUse": 0,
			"ChestRewardShow": [
				"622-731",
				"120-135"
			],
			"Desc": 3101409,
			"DropId": 301409,
			"ID": 1409,
			"Icon": "item_icon_sjchest_01",
			"ImprintId": 0,
			"IsAutoUse": 1,
			"IsCanUsed": 1,
			"IsConsum": 1,
			"LockTime": 0,
			"MainType": 3,
			"Name": 3001409,
			"Only": 0,
			"Order": 0,
			"Quality": 2,
			"RewardShow": [
				"101*1246-1463*100%",
				"206*250-265*100%"
			],
			"StackingLimit": 1,
			"SubType": 302,
			"UnlockConsume_Diamonds": "",
			"UnlockConsume_Keys": ""
		},
		{
			"AutoUse": 0,
			"ChestRewardShow": [
				"679-798",
				"135-150"
			],
			"Desc": 3101410,
			"DropId": 301410,
			"ID": 1410,
			"Icon": "item_icon_sjchest_01",
			"ImprintId": 0,
			"IsAutoUse": 1,
			"IsCanUsed": 1,
			"IsConsum": 1,
			"LockTime": 0,
			"MainType": 3,
			"Name": 3001410,
			"Only": 0,
			"Order": 0,
			"Quality": 2,
			"RewardShow": [
				"101*1359-1596*100%",
				"206*275-290*100%"
			],
			"StackingLimit": 1,
			"SubType": 302,
			"UnlockConsume_Diamonds": "",
			"UnlockConsume_Keys": ""
		},
		{
			"AutoUse": 0,
			"ChestRewardShow": [
				"340-399",
				"55-70"
			],
			"Desc": 3101421,
			"DropId": 301421,
			"ID": 1421,
			"Icon": "item_icon_sjchest_02",
			"ImprintId": 0,
			"IsAutoUse": 1,
			"IsCanUsed": 1,
			"IsConsum": 1,
			"LockTime": 0,
			"MainType": 3,
			"Name": 3001421,
			"Only": 0,
			"Order": 0,
			"Quality": 3,
			"RewardShow": [
				"101*681-800*100%",
				"206*115-130*100%"
			],
			"StackingLimit": 1,
			"SubType": 302,
			"UnlockConsume_Diamonds": "",
			"UnlockConsume_Keys": ""
		},
		{
			"AutoUse": 0,
			"ChestRewardShow": [
				"454-533",
				"80-95"
			],
			"Desc": 3101422,
			"DropId": 301422,
			"ID": 1422,
			"Icon": "item_icon_sjchest_02",
			"ImprintId": 0,
			"IsAutoUse": 1,
			"IsCanUsed": 1,
			"IsConsum": 1,
			"LockTime": 0,
			"MainType": 3,
			"Name": 3001422,
			"Only": 0,
			"Order": 0,
			"Quality": 3,
			"RewardShow": [
				"101*908-1067*100%",
				"206*165-180*100%"
			],
			"StackingLimit": 1,
			"SubType": 302,
			"UnlockConsume_Diamonds": "",
			"UnlockConsume_Keys": ""
		},
		{
			"AutoUse": 0,
			"ChestRewardShow": [
				"568-667",
				"105-120"
			],
			"Desc": 3101423,
			"DropId": 301423,
			"ID": 1423,
			"Icon": "item_icon_sjchest_02",
			"ImprintId": 0,
			"IsAutoUse": 1,
			"IsCanUsed": 1,
			"IsConsum": 1,
			"LockTime": 0,
			"MainType": 3,
			"Name": 3001423,
			"Only": 0,
			"Order": 0,
			"Quality": 3,
			"RewardShow": [
				"101*1137-1334*100%",
				"206*215-230*100%"
			],
			"StackingLimit": 1,
			"SubType": 302,
			"UnlockConsume_Diamonds": "",
			"UnlockConsume_Keys": ""
		},
		{
			"AutoUse": 0,
			"ChestRewardShow": [
				"681-800",
				"130-145"
			],
			"Desc": 3101424,
			"DropId": 301424,
			"ID": 1424,
			"Icon": "item_icon_sjchest_02",
			"ImprintId": 0,
			"IsAutoUse": 1,
			"IsCanUsed": 1,
			"IsConsum": 1,
			"LockTime": 0,
			"MainType": 3,
			"Name": 3001424,
			"Only": 0,
			"Order": 0,
			"Quality": 3,
			"RewardShow": [
				"101*1364-1601*100%",
				"206*265-280*100%"
			],
			"StackingLimit": 1,
			"SubType": 302,
			"UnlockConsume_Diamonds": "",
			"UnlockConsume_Keys": ""
		},
		{
			"AutoUse": 0,
			"ChestRewardShow": [
				"795-934",
				"155-170"
			],
			"Desc": 3101425,
			"DropId": 301425,
			"ID": 1425,
			"Icon": "item_icon_sjchest_02",
			"ImprintId": 0,
			"IsAutoUse": 1,
			"IsCanUsed": 1,
			"IsConsum": 1,
			"LockTime": 0,
			"MainType": 3,
			"Name": 3001425,
			"Only": 0,
			"Order": 0,
			"Quality": 3,
			"RewardShow": [
				"101*1591-1868*100%",
				"206*315-330*100%"
			],
			"StackingLimit": 1,
			"SubType": 302,
			"UnlockConsume_Diamonds": "",
			"UnlockConsume_Keys": ""
		},
		{
			"AutoUse": 0,
			"ChestRewardShow": [
				"908-1067",
				"180-195"
			],
			"Desc": 3101426,
			"DropId": 301426,
			"ID": 1426,
			"Icon": "item_icon_sjchest_02",
			"ImprintId": 0,
			"IsAutoUse": 1,
			"IsCanUsed": 1,
			"IsConsum": 1,
			"LockTime": 0,
			"MainType": 3,
			"Name": 3001426,
			"Only": 0,
			"Order": 0,
			"Quality": 3,
			"RewardShow": [
				"101*1818-2135*100%",
				"206*365-380*100%"
			],
			"StackingLimit": 1,
			"SubType": 302,
			"UnlockConsume_Diamonds": "",
			"UnlockConsume_Keys": ""
		},
		{
			"AutoUse": 0,
			"ChestRewardShow": [
				"1023-1200",
				"205-220"
			],
			"Desc": 3101427,
			"DropId": 301427,
			"ID": 1427,
			"Icon": "item_icon_sjchest_02",
			"ImprintId": 0,
			"IsAutoUse": 1,
			"IsCanUsed": 1,
			"IsConsum": 1,
			"LockTime": 0,
			"MainType": 3,
			"Name": 3001427,
			"Only": 0,
			"Order": 0,
			"Quality": 3,
			"RewardShow": [
				"101*2046-2401*100%",
				"206*415-430*100%"
			],
			"StackingLimit": 1,
			"SubType": 302,
			"UnlockConsume_Diamonds": "",
			"UnlockConsume_Keys": ""
		},
		{
			"AutoUse": 0,
			"ChestRewardShow": [
				"1137-1334",
				"225-240"
			],
			"Desc": 3101428,
			"DropId": 301428,
			"ID": 1428,
			"Icon": "item_icon_sjchest_02",
			"ImprintId": 0,
			"IsAutoUse": 1,
			"IsCanUsed": 1,
			"IsConsum": 1,
			"LockTime": 0,
			"MainType": 3,
			"Name": 3001428,
			"Only": 0,
			"Order": 0,
			"Quality": 3,
			"RewardShow": [
				"101*2274-2669*100%",
				"206*460-475*100%"
			],
			"StackingLimit": 1,
			"SubType": 302,
			"UnlockConsume_Diamonds": "",
			"UnlockConsume_Keys": ""
		},
		{
			"AutoUse": 0,
			"ChestRewardShow": [
				"1250-1467",
				"250-265"
			],
			"Desc": 3101429,
			"DropId": 301429,
			"ID": 1429,
			"Icon": "item_icon_sjchest_02",
			"ImprintId": 0,
			"IsAutoUse": 1,
			"IsCanUsed": 1,
			"IsConsum": 1,
			"LockTime": 0,
			"MainType": 3,
			"Name": 3001429,
			"Only": 0,
			"Order": 0,
			"Quality": 3,
			"RewardShow": [
				"101*2501-2936*100%",
				"206*510-525*100%"
			],
			"StackingLimit": 1,
			"SubType": 302,
			"UnlockConsume_Diamonds": "",
			"UnlockConsume_Keys": ""
		},
		{
			"AutoUse": 0,
			"ChestRewardShow": [
				"1364-1601",
				"275-290"
			],
			"Desc": 3101430,
			"DropId": 301430,
			"ID": 1430,
			"Icon": "item_icon_sjchest_02",
			"ImprintId": 0,
			"IsAutoUse": 1,
			"IsCanUsed": 1,
			"IsConsum": 1,
			"LockTime": 0,
			"MainType": 3,
			"Name": 3001430,
			"Only": 0,
			"Order": 0,
			"Quality": 3,
			"RewardShow": [
				"101*2728-3203*100%",
				"206*560-575*100%"
			],
			"StackingLimit": 1,
			"SubType": 302,
			"UnlockConsume_Diamonds": "",
			"UnlockConsume_Keys": ""
		},
		{
			"AutoUse": 0,
			"ChestRewardShow": [
				"609-716",
				"105-120"
			],
			"Desc": 3101441,
			"DropId": 301441,
			"ID": 1441,
			"Icon": "item_icon_sjchest_03",
			"ImprintId": 0,
			"IsAutoUse": 1,
			"IsCanUsed": 1,
			"IsConsum": 1,
			"LockTime": 0,
			"MainType": 3,
			"Name": 3001441,
			"Only": 0,
			"Order": 0,
			"Quality": 4,
			"RewardShow": [
				"101*1220-1433*100%",
				"206*215-230*100%"
			],
			"StackingLimit": 1,
			"SubType": 302,
			"UnlockConsume_Diamonds": "",
			"UnlockConsume_Keys": ""
		},
		{
			"AutoUse": 0,
			"ChestRewardShow": [
				"813-954",
				"145-160"
			],
			"Desc": 3101442,
			"DropId": 301442,
			"ID": 1442,
			"Icon": "item_icon_sjchest_03",
			"ImprintId": 0,
			"IsAutoUse": 1,
			"IsCanUsed": 1,
			"IsConsum": 1,
			"LockTime": 0,
			"MainType": 3,
			"Name": 3001442,
			"Only": 0,
			"Order": 0,
			"Quality": 4,
			"RewardShow": [
				"101*1627-1910*100%",
				"206*300-315*100%"
			],
			"StackingLimit": 1,
			"SubType": 302,
			"UnlockConsume_Diamonds": "",
			"UnlockConsume_Keys": ""
		},
		{
			"AutoUse": 0,
			"ChestRewardShow": [
				"1017-1194",
				"190-205"
			],
			"Desc": 3101443,
			"DropId": 301443,
			"ID": 1443,
			"Icon": "item_icon_sjchest_03",
			"ImprintId": 0,
			"IsAutoUse": 1,
			"IsCanUsed": 1,
			"IsConsum": 1,
			"LockTime": 0,
			"MainType": 3,
			"Name": 3001443,
			"Only": 0,
			"Order": 0,
			"Quality": 4,
			"RewardShow": [
				"101*2035-2388*100%",
				"206*390-405*100%"
			],
			"StackingLimit": 1,
			"SubType": 302,
			"UnlockConsume_Diamonds": "",
			"UnlockConsume_Keys": ""
		},
		{
			"AutoUse": 0,
			"ChestRewardShow": [
				"1220-1433",
				"235-250"
			],
			"Desc": 3101444,
			"DropId": 301444,
			"ID": 1444,
			"Icon": "item_icon_sjchest_03",
			"ImprintId": 0,
			"IsAutoUse": 1,
			"IsCanUsed": 1,
			"IsConsum": 1,
			"LockTime": 0,
			"MainType": 3,
			"Name": 3001444,
			"Only": 0,
			"Order": 0,
			"Quality": 4,
			"RewardShow": [
				"101*2441-2866*100%",
				"206*480-495*100%"
			],
			"StackingLimit": 1,
			"SubType": 302,
			"UnlockConsume_Diamonds": "",
			"UnlockConsume_Keys": ""
		},
		{
			"AutoUse": 0,
			"ChestRewardShow": [
				"1424-1671",
				"280-295"
			],
			"Desc": 3101445,
			"DropId": 301445,
			"ID": 1445,
			"Icon": "item_icon_sjchest_03",
			"ImprintId": 0,
			"IsAutoUse": 1,
			"IsCanUsed": 1,
			"IsConsum": 1,
			"LockTime": 0,
			"MainType": 3,
			"Name": 3001445,
			"Only": 0,
			"Order": 0,
			"Quality": 4,
			"RewardShow": [
				"101*2848-3343*100%",
				"206*570-585*100%"
			],
			"StackingLimit": 1,
			"SubType": 302,
			"UnlockConsume_Diamonds": "",
			"UnlockConsume_Keys": ""
		},
		{
			"AutoUse": 0,
			"ChestRewardShow": [
				"1627-1910",
				"325-340"
			],
			"Desc": 3101446,
			"DropId": 301446,
			"ID": 1446,
			"Icon": "item_icon_sjchest_03",
			"ImprintId": 0,
			"IsAutoUse": 1,
			"IsCanUsed": 1,
			"IsConsum": 1,
			"LockTime": 0,
			"MainType": 3,
			"Name": 3001446,
			"Only": 0,
			"Order": 0,
			"Quality": 4,
			"RewardShow": [
				"101*3255-3822*100%",
				"206*655-670*100%"
			],
			"StackingLimit": 1,
			"SubType": 302,
			"UnlockConsume_Diamonds": "",
			"UnlockConsume_Keys": ""
		},
		{
			"AutoUse": 0,
			"ChestRewardShow": [
				"1830-2149",
				"370-385"
			],
			"Desc": 3101447,
			"DropId": 301447,
			"ID": 1447,
			"Icon": "item_icon_sjchest_03",
			"ImprintId": 0,
			"IsAutoUse": 1,
			"IsCanUsed": 1,
			"IsConsum": 1,
			"LockTime": 0,
			"MainType": 3,
			"Name": 3001447,
			"Only": 0,
			"Order": 0,
			"Quality": 4,
			"RewardShow": [
				"101*3662-4299*100%",
				"206*745-760*100%"
			],
			"StackingLimit": 1,
			"SubType": 302,
			"UnlockConsume_Diamonds": "",
			"UnlockConsume_Keys": ""
		},
		{
			"AutoUse": 0,
			"ChestRewardShow": [
				"2035-2388",
				"415-430"
			],
			"Desc": 3101448,
			"DropId": 301448,
			"ID": 1448,
			"Icon": "item_icon_sjchest_03",
			"ImprintId": 0,
			"IsAutoUse": 1,
			"IsCanUsed": 1,
			"IsConsum": 1,
			"LockTime": 0,
			"MainType": 3,
			"Name": 3001448,
			"Only": 0,
			"Order": 0,
			"Quality": 4,
			"RewardShow": [
				"101*4070-4777*100%",
				"206*835-850*100%"
			],
			"StackingLimit": 1,
			"SubType": 302,
			"UnlockConsume_Diamonds": "",
			"UnlockConsume_Keys": ""
		},
		{
			"AutoUse": 0,
			"ChestRewardShow": [
				"2238-2627",
				"455-470"
			],
			"Desc": 3101449,
			"DropId": 301449,
			"ID": 1449,
			"Icon": "item_icon_sjchest_03",
			"ImprintId": 0,
			"IsAutoUse": 1,
			"IsCanUsed": 1,
			"IsConsum": 1,
			"LockTime": 0,
			"MainType": 3,
			"Name": 3001449,
			"Only": 0,
			"Order": 0,
			"Quality": 4,
			"RewardShow": [
				"101*4476-5255*100%",
				"206*920-935*100%"
			],
			"StackingLimit": 1,
			"SubType": 302,
			"UnlockConsume_Diamonds": "",
			"UnlockConsume_Keys": ""
		},
		{
			"AutoUse": 0,
			"ChestRewardShow": [
				"2441-2866",
				"500-515"
			],
			"Desc": 3101450,
			"DropId": 301450,
			"ID": 1450,
			"Icon": "item_icon_sjchest_03",
			"ImprintId": 0,
			"IsAutoUse": 1,
			"IsCanUsed": 1,
			"IsConsum": 1,
			"LockTime": 0,
			"MainType": 3,
			"Name": 3001450,
			"Only": 0,
			"Order": 0,
			"Quality": 4,
			"RewardShow": [
				"101*4883-5732*100%",
				"206*1010-1025*100%"
			],
			"StackingLimit": 1,
			"SubType": 302,
			"UnlockConsume_Diamonds": "",
			"UnlockConsume_Keys": ""
		},
		{
			"AutoUse": 0,
			"ChestRewardShow": [],
			"Desc": 3101503,
			"DropId": 301503,
			"ID": 1503,
			"Icon": "item_icon_chest_04",
			"ImprintId": 0,
			"IsAutoUse": 1,
			"IsCanUsed": 1,
			"IsConsum": 1,
			"LockTime": 0,
			"MainType": 3,
			"Name": 3001503,
			"Only": 0,
			"Order": 0,
			"Quality": 4,
			"RewardShow": [
				"201*10-50*18%",
				"202*10-50*18%",
				"203*10-50*18%",
				"204*10-50*18%",
				"205*10-50*18%",
				"5002*1-3*10%"
			],
			"StackingLimit": 1,
			"SubType": 302,
			"UnlockConsume_Diamonds": "",
			"UnlockConsume_Keys": ""
		},
		{
			"AutoUse": 0,
			"ChestRewardShow": [],
			"Desc": 3101601,
			"DropId": 301450,
			"ID": 1601,
			"Icon": "",
			"ImprintId": 0,
			"IsAutoUse": 1,
			"IsCanUsed": 1,
			"IsConsum": 1,
			"LockTime": 0,
			"MainType": 3,
			"Name": 3001601,
			"Only": 0,
			"Order": 0,
			"Quality": 4,
			"RewardShow": [],
			"StackingLimit": 1,
			"SubType": 303,
			"UnlockConsume_Diamonds": "",
			"UnlockConsume_Keys": ""
		},
		{
			"AutoUse": 0,
			"ChestRewardShow": [],
			"Desc": 3101602,
			"DropId": 301450,
			"ID": 1602,
			"Icon": "",
			"ImprintId": 0,
			"IsAutoUse": 1,
			"IsCanUsed": 1,
			"IsConsum": 1,
			"LockTime": 0,
			"MainType": 3,
			"Name": 3001602,
			"Only": 0,
			"Order": 0,
			"Quality": 4,
			"RewardShow": [],
			"StackingLimit": 1,
			"SubType": 303,
			"UnlockConsume_Diamonds": "",
			"UnlockConsume_Keys": ""
		},
		{
			"AutoUse": 0,
			"ChestRewardShow": [],
			"Desc": 3105001,
			"DropId": 0,
			"ID": 5001,
			"Icon": "",
			"ImprintId": 0,
			"IsAutoUse": 0,
			"IsCanUsed": 0,
			"IsConsum": 0,
			"LockTime": 0,
			"MainType": 2,
			"Name": 3005001,
			"Only": 0,
			"Order": 0,
			"Quality": 5,
			"RewardShow": [],
			"StackingLimit": 0,
			"SubType": 203,
			"UnlockConsume_Diamonds": "",
			"UnlockConsume_Keys": ""
		},
		{
			"AutoUse": 0,
			"ChestRewardShow": [],
			"Desc": 3105002,
			"DropId": 0,
			"ID": 5002,
			"Icon": "item_icon_5002",
			"ImprintId": 0,
			"IsAutoUse": 0,
			"IsCanUsed": 0,
			"IsConsum": 0,
			"LockTime": 0,
			"MainType": 2,
			"Name": 3005002,
			"Only": 0,
			"Order": 0,
			"Quality": 5,
			"RewardShow": [],
			"StackingLimit": 0,
			"SubType": 203,
			"UnlockConsume_Diamonds": "",
			"UnlockConsume_Keys": ""
		},
		{
			"AutoUse": 0,
			"ChestRewardShow": [],
			"Desc": 3105003,
			"DropId": 0,
			"ID": -999,
			"Icon": "item_icon_sock",
			"ImprintId": 0,
			"IsAutoUse": 0,
			"IsCanUsed": 0,
			"IsConsum": 0,
			"LockTime": 0,
			"MainType": 2,
			"Name": 3005003,
			"Only": 0,
			"Order": 0,
			"Quality": 5,
			"RewardShow": [],
			"StackingLimit": 0,
			"SubType": 203,
			"UnlockConsume_Diamonds": "",
			"UnlockConsume_Keys": ""
		}
	]
}