{
	"@Tool": "github.com/davyxu/tabtoy",
	"@Version": "",
	"LadderQuotation": [
		{
			"BuyCountMax": 1,
			"BuyCountMin": 1,
			"Consume": "102*1",
			"ID": 1
		},
		{
			"BuyCountMax": 2,
			"BuyCountMin": 2,
			"Consume": "102*2",
			"ID": 1
		},
		{
			"BuyCountMax": 3,
			"BuyCountMin": 3,
			"Consume": "102*3",
			"ID": 1
		},
		{
			"BuyCountMax": 4,
			"BuyCountMin": 4,
			"Consume": "102*4",
			"ID": 1
		},
		{
			"BuyCountMax": 99,
			"BuyCountMin": 5,
			"Consume": "102*5",
			"ID": 1
		},
		{
			"BuyCountMax": 1,
			"BuyCountMin": 1,
			"Consume": "102*2",
			"ID": 2
		},
		{
			"BuyCountMax": 2,
			"BuyCountMin": 2,
			"Consume": "102*4",
			"ID": 2
		},
		{
			"BuyCountMax": 3,
			"BuyCountMin": 3,
			"Consume": "102*6",
			"ID": 2
		},
		{
			"BuyCountMax": 4,
			"BuyCountMin": 4,
			"Consume": "102*8",
			"ID": 2
		},
		{
			"BuyCountMax": 99,
			"BuyCountMin": 5,
			"Consume": "102*10",
			"ID": 2
		}
	]
}