{
	"@Tool": "github.com/davyxu/tabtoy",
	"@Version": "",
	"LogTableData": [
		{
			"ModelName": "LogAccountLogin",
			"TableName": "log_account_login",
			"Split": 1,
			"Sql": "CREATE TABLE log_account_login_$month (\n  id int(11) AUTO_INCREMENT not null comment 'ID',\n  accid varchar(100) default null comment '账号ID',\n  note text default null comment '文本',\n  json_data json default null comment 'json数据',\n  login_time int(11) default null comment '登录时间',\n  primary key (id),\n  key (login_time)\n) ENGINE=InnoDB DEFAULT CHARSET=utf8 comment='登录日志表';",
			"Field": {
				"accid": {
					"Name": "Accid",
					"Type": "string",
					"Key": ""
				},
				"id": {
					"Name": "Id",
					"Type": "int",
					"Key": "primaryKey"
				},
				"json_data": {
					"Name": "JsonData",
					"Type": "json",
					"Key": ""
				},
				"login_time": {
					"Name": "LoginTime",
					"Type": "int",
					"Key": ""
				},
				"note": {
					"Name": "Note",
					"Type": "text",
					"Key": ""
				}
			}
		},
		{
			"ModelName": "LogPoints",
			"TableName": "log_points",
			"Split": 2,
			"Sql": "CREATE TABLE log_points_$day (\n  id int(11) AUTO_INCREMENT not null comment 'ID',\n  accid varchar(100) default null comment '账号ID',\n  point_id int(11) default '0' comment '子协议ID',\n  date_time int(11) default null comment '插入时间',\n  primary key (id),\n  key (accid),\n  key (date_time)\n) ENGINE=InnoDB DEFAULT CHARSET=utf8 comment='打点日志表';",
			"Field": {
				"accid": {
					"Name": "Accid",
					"Type": "string",
					"Key": ""
				},
				"date_time": {
					"Name": "DateTime",
					"Type": "int",
					"Key": ""
				},
				"id": {
					"Name": "Id",
					"Type": "int",
					"Key": "primaryKey"
				},
				"point_id": {
					"Name": "PointId",
					"Type": "int",
					"Key": ""
				}
			}
		},
		{
			"ModelName": "GPlayer",
			"TableName": "g_player",
			"Split": 0,
			"Sql": "CREATE TABLE g_player (\n  accid varchar(100) not null comment '账号ID',\n  coin int(11) default '0' comment '金币数量',\n  last_login_time int(11) default null comment '最后登录时间',\n  unique key accid (accid),\n  key (last_login_time)\n) ENGINE=InnoDB DEFAULT CHARSET=utf8 comment='玩家信息表';",
			"Field": {
				"accid": {
					"Name": "Accid",
					"Type": "string",
					"Key": "primaryKey"
				},
				"coin": {
					"Name": "Coin",
					"Type": "int",
					"Key": ""
				},
				"last_login_time": {
					"Name": "LastLoginTime",
					"Type": "int",
					"Key": ""
				}
			}
		},
		{
			"ModelName": "GItem",
			"TableName": "g_item",
			"Split": 0,
			"Sql": "CREATE TABLE g_item (\n  accid varchar(100) not null comment '账号ID',\n  typeid int(11) default '0' comment '道具ID',\n  num int(11) default '0' comment '数量',\n  update_time int(11) default null comment '更新时间',\n  unique key accid_typeid (accid, typeid),\n  key (update_time)\n) ENGINE=InnoDB DEFAULT CHARSET=utf8 comment='玩家背包表';",
			"Field": {
				"accid": {
					"Name": "Accid",
					"Type": "string",
					"Key": "primaryKey"
				},
				"num": {
					"Name": "Num",
					"Type": "int",
					"Key": ""
				},
				"typeid": {
					"Name": "Typeid",
					"Type": "int",
					"Key": "primaryKey"
				},
				"update_time": {
					"Name": "UpdateTime",
					"Type": "int",
					"Key": ""
				}
			}
		}
	]
}