{
	"@Tool": "github.com/davyxu/tabtoy",
	"@Version": "",
	"MainDropData": [
		{
			"DropId": 301001,
			"DropItems": [
				"101*27-32*10000",
				"201*1-1*10000",
				"202*1-1*10000",
				"203*1-1*10000",
				"204*1-1*10000",
				"205*1-1*10000"
			],
			"DropType": 1
		},
		{
			"DropId": 301002,
			"DropItems": [
				"101*36-43*10000",
				"201*1-2*10000",
				"202*1-2*10000",
				"203*1-2*10000",
				"204*1-2*10000",
				"205*1-2*10000"
			],
			"DropType": 1
		},
		{
			"DropId": 301003,
			"DropItems": [
				"101*46-55*10000",
				"201*1-2*10000",
				"202*1-2*10000",
				"203*1-2*10000",
				"204*2-3*10000",
				"205*2-3*10000"
			],
			"DropType": 1
		},
		{
			"DropId": 301004,
			"DropItems": [
				"101*56-65*10000",
				"201*2-3*10000",
				"202*2-3*10000",
				"203*2-3*10000",
				"204*2-3*10000",
				"205*2-3*10000"
			],
			"DropType": 1
		},
		{
			"DropId": 301005,
			"DropItems": [
				"101*65-76*10000",
				"201*2-3*10000",
				"202*3-4*10000",
				"203*3-4*10000",
				"204*2-3*10000",
				"205*2-3*10000"
			],
			"DropType": 1
		},
		{
			"DropId": 301006,
			"DropItems": [
				"101*74-87*10000",
				"201*3-4*10000",
				"202*3-3*10000",
				"203*3-4*10000",
				"204*3-4*10000",
				"205*3-4*10000"
			],
			"DropType": 1
		},
		{
			"DropId": 301007,
			"DropItems": [
				"101*83-98*10000",
				"201*3-4*10000",
				"202*3-4*10000",
				"203*4-5*10000",
				"204*3-4*10000",
				"205*3-4*10000"
			],
			"DropType": 1
		},
		{
			"DropId": 301008,
			"DropItems": [
				"101*93-110*10000",
				"201*3-4*10000",
				"202*3-5*10000",
				"203*3-4*10000",
				"204*4-5*10000",
				"205*4-5*10000"
			],
			"DropType": 1
		},
		{
			"DropId": 301009,
			"DropItems": [
				"101*103-120*10000",
				"201*4-5*10000",
				"202*4-5*10000",
				"203*4-5*10000",
				"204*4-5*10000",
				"205*4-5*10000"
			],
			"DropType": 1
		},
		{
			"DropId": 301010,
			"DropItems": [
				"101*112-131*10000",
				"201*4-5*10000",
				"202*5-6*10000",
				"203*5-6*10000",
				"204*4-5*10000",
				"205*4-5*10000"
			],
			"DropType": 1
		},
		{
			"DropId": 301021,
			"DropItems": [
				"101*55-64*10000",
				"201*2-3*10000",
				"202*2-3*10000",
				"203*2-3*10000",
				"204*2-3*10000",
				"205*2-3*10000"
			],
			"DropType": 1
		},
		{
			"DropId": 301022,
			"DropItems": [
				"101*73-86*10000",
				"201*2-3*10000",
				"202*2-3*10000",
				"203*2-3*10000",
				"204*3-3*10000",
				"205*3-3*10000"
			],
			"DropType": 1
		},
		{
			"DropId": 301023,
			"DropItems": [
				"101*92-108*10000",
				"201*3-4*10000",
				"202*3-4*10000",
				"203*3-4*10000",
				"204*3-4*10000",
				"205*3-4*10000"
			],
			"DropType": 1
		},
		{
			"DropId": 301024,
			"DropItems": [
				"101*110-129*10000",
				"201*4-5*10000",
				"202*3-5*10000",
				"203*3-5*10000",
				"204*4-5*10000",
				"205*4-5*10000"
			],
			"DropType": 1
		},
		{
			"DropId": 301025,
			"DropItems": [
				"101*128-151*10000",
				"201*4-6*10000",
				"202*4-6*10000",
				"203*4-6*10000",
				"204*4-6*10000",
				"205*4-6*10000"
			],
			"DropType": 1
		},
		{
			"DropId": 301026,
			"DropItems": [
				"101*147-172*10000",
				"201*5-7*10000",
				"202*4-6*10000",
				"203*4-6*10000",
				"204*5-7*10000",
				"205*5-7*10000"
			],
			"DropType": 1
		},
		{
			"DropId": 301027,
			"DropItems": [
				"101*165-194*10000",
				"201*5-7*10000",
				"202*5-8*10000",
				"203*5-7*10000",
				"204*5-7*10000",
				"205*5-7*10000"
			],
			"DropType": 1
		},
		{
			"DropId": 301028,
			"DropItems": [
				"101*184-216*10000",
				"201*6-8*10000",
				"202*6-8*10000",
				"203*6-8*10000",
				"204*6-8*10000",
				"205*6-8*10000"
			],
			"DropType": 1
		},
		{
			"DropId": 301029,
			"DropItems": [
				"101*202-237*10000",
				"201*7-9*10000",
				"202*7-9*10000",
				"203*7-9*10000",
				"204*7-9*10000",
				"205*7-9*10000"
			],
			"DropType": 1
		},
		{
			"DropId": 301030,
			"DropItems": [
				"101*220-259*10000",
				"201*8-10*10000",
				"202*8-10*10000",
				"203*8-10*10000",
				"204*8-10*10000",
				"205*8-10*10000"
			],
			"DropType": 1
		},
		{
			"DropId": 301041,
			"DropItems": [
				"101*168-197*10000",
				"201*5-7*10000",
				"202*5-7*10000",
				"203*5-7*10000",
				"204*5-7*10000",
				"205*5-7*10000"
			],
			"DropType": 1
		},
		{
			"DropId": 301042,
			"DropItems": [
				"101*224-263*10000",
				"201*7-9*10000",
				"202*7-9*10000",
				"203*7-9*10000",
				"204*7-9*10000",
				"205*7-9*10000"
			],
			"DropType": 1
		},
		{
			"DropId": 301043,
			"DropItems": [
				"101*280-329*10000",
				"201*9-11*10000",
				"202*9-11*10000",
				"203*9-11*10000",
				"204*9-11*10000",
				"205*9-11*10000"
			],
			"DropType": 1
		},
		{
			"DropId": 301044,
			"DropItems": [
				"101*336-395*10000",
				"201*12-14*10000",
				"202*12-14*10000",
				"203*12-14*10000",
				"204*12-14*10000",
				"205*12-14*10000"
			],
			"DropType": 1
		},
		{
			"DropId": 301045,
			"DropItems": [
				"101*392-461*10000",
				"201*14-16*10000",
				"202*14-16*10000",
				"203*14-16*10000",
				"204*14-16*10000",
				"205*14-16*10000"
			],
			"DropType": 1
		},
		{
			"DropId": 301046,
			"DropItems": [
				"101*448-527*10000",
				"201*17-19*10000",
				"202*17-19*10000",
				"203*17-19*10000",
				"204*17-19*10000",
				"205*17-19*10000"
			],
			"DropType": 1
		},
		{
			"DropId": 301047,
			"DropItems": [
				"101*505-592*10000",
				"201*19-21*10000",
				"202*19-21*10000",
				"203*19-21*10000",
				"204*19-21*10000",
				"205*19-21*10000"
			],
			"DropType": 1
		},
		{
			"DropId": 301048,
			"DropItems": [
				"101*561-658*10000",
				"201*22-24*10000",
				"202*22-24*10000",
				"203*22-24*10000",
				"204*22-24*10000",
				"205*22-24*10000"
			],
			"DropType": 1
		},
		{
			"DropId": 301049,
			"DropItems": [
				"101*617-724*10000",
				"201*24-26*10000",
				"202*24-26*10000",
				"203*24-26*10000",
				"204*24-26*10000",
				"205*24-26*10000"
			],
			"DropType": 1
		},
		{
			"DropId": 301050,
			"DropItems": [
				"101*673-790*10000",
				"201*27-29*10000",
				"202*27-29*10000",
				"203*27-29*10000",
				"204*27-29*10000",
				"205*27-29*10000"
			],
			"DropType": 1
		},
		{
			"DropId": 301061,
			"DropItems": [
				"101*444-521*10000",
				"201*15-17*10000",
				"202*15-17*10000",
				"203*15-17*10000",
				"204*15-17*10000",
				"205*15-17*10000"
			],
			"DropType": 1
		},
		{
			"DropId": 301062,
			"DropItems": [
				"101*592-695*10000",
				"201*21-23*10000",
				"202*21-23*10000",
				"203*21-23*10000",
				"204*21-23*10000",
				"205*21-23*10000"
			],
			"DropType": 1
		},
		{
			"DropId": 301063,
			"DropItems": [
				"101*740-869*10000",
				"201*27-29*10000",
				"202*27-29*10000",
				"203*27-29*10000",
				"204*27-29*10000",
				"205*27-29*10000"
			],
			"DropType": 1
		},
		{
			"DropId": 301064,
			"DropItems": [
				"101*888-1043*10000",
				"201*34-36*10000",
				"202*34-36*10000",
				"203*34-36*10000",
				"204*34-36*10000",
				"205*34-36*10000"
			],
			"DropType": 1
		},
		{
			"DropId": 301065,
			"DropItems": [
				"101*1036-1217*10000",
				"201*40-42*10000",
				"202*40-42*10000",
				"203*40-42*10000",
				"204*40-42*10000",
				"205*40-42*10000"
			],
			"DropType": 1
		},
		{
			"DropId": 301066,
			"DropItems": [
				"101*1184-1391*10000",
				"201*47-49*10000",
				"202*47-49*10000",
				"203*47-49*10000",
				"204*47-49*10000",
				"205*47-49*10000"
			],
			"DropType": 1
		},
		{
			"DropId": 301067,
			"DropItems": [
				"101*1333-1564*10000",
				"201*53-55*10000",
				"202*53-55*10000",
				"203*53-55*10000",
				"204*53-55*10000",
				"205*53-55*10000"
			],
			"DropType": 1
		},
		{
			"DropId": 301068,
			"DropItems": [
				"101*1481-1738*10000",
				"201*60-62*10000",
				"202*60-62*10000",
				"203*60-62*10000",
				"204*60-62*10000",
				"205*60-62*10000"
			],
			"DropType": 1
		},
		{
			"DropId": 301069,
			"DropItems": [
				"101*1629-1912*10000",
				"201*66-68*10000",
				"202*66-68*10000",
				"203*66-68*10000",
				"204*66-68*10000",
				"205*66-68*10000"
			],
			"DropType": 1
		},
		{
			"DropId": 301070,
			"DropItems": [
				"101*1777-2086*10000",
				"201*73-75*10000",
				"202*73-75*10000",
				"203*73-75*10000",
				"204*73-75*10000",
				"205*73-75*10000"
			],
			"DropType": 1
		},
		{
			"DropId": 301081,
			"DropItems": [
				"101*996-1169*10000",
				"201*35-37*10000",
				"202*35-37*10000",
				"203*35-37*10000",
				"204*35-37*10000",
				"205*35-37*10000"
			],
			"DropType": 1
		},
		{
			"DropId": 301082,
			"DropItems": [
				"101*1328-1559*10000",
				"201*49-51*10000",
				"202*49-51*10000",
				"203*49-51*10000",
				"204*49-51*10000",
				"205*49-51*10000"
			],
			"DropType": 1
		},
		{
			"DropId": 301083,
			"DropItems": [
				"101*1660-1949*10000",
				"201*63-65*10000",
				"202*63-65*10000",
				"203*63-65*10000",
				"204*63-65*10000",
				"205*63-65*10000"
			],
			"DropType": 1
		},
		{
			"DropId": 301084,
			"DropItems": [
				"101*1992-2339*10000",
				"201*78-80*10000",
				"202*78-80*10000",
				"203*78-80*10000",
				"204*78-80*10000",
				"205*78-80*10000"
			],
			"DropType": 1
		},
		{
			"DropId": 301085,
			"DropItems": [
				"101*2324-2729*10000",
				"201*92-94*10000",
				"202*92-94*10000",
				"203*92-94*10000",
				"204*92-94*10000",
				"205*92-94*10000"
			],
			"DropType": 1
		},
		{
			"DropId": 301086,
			"DropItems": [
				"101*2656-3119*10000",
				"201*107-109*10000",
				"202*107-109*10000",
				"203*107-109*10000",
				"204*107-109*10000",
				"205*107-109*10000"
			],
			"DropType": 1
		},
		{
			"DropId": 301087,
			"DropItems": [
				"101*2989-3508*10000",
				"201*121-123*10000",
				"202*121-123*10000",
				"203*121-123*10000",
				"204*121-123*10000",
				"205*121-123*10000"
			],
			"DropType": 1
		},
		{
			"DropId": 301088,
			"DropItems": [
				"101*3321-3898*10000",
				"201*136-138*10000",
				"202*136-138*10000",
				"203*136-138*10000",
				"204*136-138*10000",
				"205*136-138*10000"
			],
			"DropType": 1
		},
		{
			"DropId": 301089,
			"DropItems": [
				"101*3653-4288*10000",
				"201*150-152*10000",
				"202*150-152*10000",
				"203*150-152*10000",
				"204*150-152*10000",
				"205*150-152*10000"
			],
			"DropType": 1
		},
		{
			"DropId": 301090,
			"DropItems": [
				"101*3985-4678*10000",
				"201*165-167*10000",
				"202*165-167*10000",
				"203*165-167*10000",
				"204*165-167*10000",
				"205*165-167*10000"
			],
			"DropType": 1
		},
		{
			"DropId": 301401,
			"DropItems": [
				"101*339-398*10000",
				"201*11-13*10000",
				"202*11-13*10000",
				"203*11-13*10000",
				"204*11-13*10000",
				"205*11-13*10000"
			],
			"DropType": 1
		},
		{
			"DropId": 301402,
			"DropItems": [
				"101*452-531*10000",
				"201*16-18*10000",
				"202*16-18*10000",
				"203*16-18*10000",
				"204*16-18*10000",
				"205*16-18*10000"
			],
			"DropType": 1
		},
		{
			"DropId": 301403,
			"DropItems": [
				"101*566-665*10000",
				"201*21-23*10000",
				"202*21-23*10000",
				"203*21-23*10000",
				"204*21-23*10000",
				"205*21-23*10000"
			],
			"DropType": 1
		},
		{
			"DropId": 301404,
			"DropItems": [
				"101*679-798*10000",
				"201*26-28*10000",
				"202*26-28*10000",
				"203*26-28*10000",
				"204*26-28*10000",
				"205*26-28*10000"
			],
			"DropType": 1
		},
		{
			"DropId": 301405,
			"DropItems": [
				"101*793-930*10000",
				"201*31-33*10000",
				"202*31-33*10000",
				"203*31-33*10000",
				"204*31-33*10000",
				"205*31-33*10000"
			],
			"DropType": 1
		},
		{
			"DropId": 301406,
			"DropItems": [
				"101*906-1063*10000",
				"201*35-37*10000",
				"202*35-37*10000",
				"203*35-37*10000",
				"204*35-37*10000",
				"205*35-37*10000"
			],
			"DropType": 1
		},
		{
			"DropId": 301407,
			"DropItems": [
				"101*1019-1196*10000",
				"201*40-42*10000",
				"202*40-42*10000",
				"203*40-42*10000",
				"204*40-42*10000",
				"205*40-42*10000"
			],
			"DropType": 1
		},
		{
			"DropId": 301408,
			"DropItems": [
				"101*1133-1330*10000",
				"201*45-47*10000",
				"202*45-47*10000",
				"203*45-47*10000",
				"204*45-47*10000",
				"205*45-47*10000"
			],
			"DropType": 1
		},
		{
			"DropId": 301409,
			"DropItems": [
				"101*1246-1463*10000",
				"201*50-52*10000",
				"202*50-52*10000",
				"203*50-52*10000",
				"204*50-52*10000",
				"205*50-52*10000"
			],
			"DropType": 1
		},
		{
			"DropId": 301410,
			"DropItems": [
				"101*1359-1596*10000",
				"201*55-57*10000",
				"202*55-57*10000",
				"203*55-57*10000",
				"204*55-57*10000",
				"205*55-57*10000"
			],
			"DropType": 1
		},
		{
			"DropId": 301421,
			"DropItems": [
				"101*681-800*10000",
				"201*23-25*10000",
				"202*23-25*10000",
				"203*23-25*10000",
				"204*23-25*10000",
				"205*23-25*10000"
			],
			"DropType": 1
		},
		{
			"DropId": 301422,
			"DropItems": [
				"101*908-1067*10000",
				"201*33-35*10000",
				"202*33-35*10000",
				"203*33-35*10000",
				"204*33-35*10000",
				"205*33-35*10000"
			],
			"DropType": 1
		},
		{
			"DropId": 301423,
			"DropItems": [
				"101*1137-1334*10000",
				"201*43-45*10000",
				"202*43-45*10000",
				"203*43-45*10000",
				"204*43-45*10000",
				"205*43-45*10000"
			],
			"DropType": 1
		},
		{
			"DropId": 301424,
			"DropItems": [
				"101*1364-1601*10000",
				"201*53-55*10000",
				"202*53-55*10000",
				"203*53-55*10000",
				"204*53-55*10000",
				"205*53-55*10000"
			],
			"DropType": 1
		},
		{
			"DropId": 301425,
			"DropItems": [
				"101*1591-1868*10000",
				"201*63-65*10000",
				"202*63-65*10000",
				"203*63-65*10000",
				"204*63-65*10000",
				"205*63-65*10000"
			],
			"DropType": 1
		},
		{
			"DropId": 301426,
			"DropItems": [
				"101*1818-2135*10000",
				"201*73-75*10000",
				"202*73-75*10000",
				"203*73-75*10000",
				"204*73-75*10000",
				"205*73-75*10000"
			],
			"DropType": 1
		},
		{
			"DropId": 301427,
			"DropItems": [
				"101*2046-2401*10000",
				"201*83-85*10000",
				"202*83-85*10000",
				"203*83-85*10000",
				"204*83-85*10000",
				"205*83-85*10000"
			],
			"DropType": 1
		},
		{
			"DropId": 301428,
			"DropItems": [
				"101*2274-2669*10000",
				"201*92-94*10000",
				"202*92-94*10000",
				"203*92-94*10000",
				"204*92-94*10000",
				"205*92-94*10000"
			],
			"DropType": 1
		},
		{
			"DropId": 301429,
			"DropItems": [
				"101*2501-2936*10000",
				"201*102-104*10000",
				"202*102-104*10000",
				"203*102-104*10000",
				"204*102-104*10000",
				"205*102-104*10000"
			],
			"DropType": 1
		},
		{
			"DropId": 301430,
			"DropItems": [
				"101*2728-3203*10000",
				"201*112-114*10000",
				"202*112-114*10000",
				"203*112-114*10000",
				"204*112-114*10000",
				"205*112-114*10000"
			],
			"DropType": 1
		},
		{
			"DropId": 301441,
			"DropItems": [
				"101*1220-1433*10000",
				"201*43-45*10000",
				"202*43-45*10000",
				"203*43-45*10000",
				"204*43-45*10000",
				"205*43-45*10000"
			],
			"DropType": 1
		},
		{
			"DropId": 301442,
			"DropItems": [
				"101*1627-1910*10000",
				"201*60-62*10000",
				"202*60-62*10000",
				"203*60-62*10000",
				"204*60-62*10000",
				"205*60-62*10000"
			],
			"DropType": 1
		},
		{
			"DropId": 301443,
			"DropItems": [
				"101*2035-2388*10000",
				"201*78-80*10000",
				"202*78-80*10000",
				"203*78-80*10000",
				"204*78-80*10000",
				"205*78-80*10000"
			],
			"DropType": 1
		},
		{
			"DropId": 301444,
			"DropItems": [
				"101*2441-2866*10000",
				"201*96-98*10000",
				"202*96-98*10000",
				"203*96-98*10000",
				"204*96-98*10000",
				"205*96-98*10000"
			],
			"DropType": 1
		},
		{
			"DropId": 301445,
			"DropItems": [
				"101*2848-3343*10000",
				"201*114-116*10000",
				"202*114-116*10000",
				"203*114-116*10000",
				"204*114-116*10000",
				"205*114-116*10000"
			],
			"DropType": 1
		},
		{
			"DropId": 301446,
			"DropItems": [
				"101*3255-3822*10000",
				"201*131-133*10000",
				"202*131-133*10000",
				"203*131-133*10000",
				"204*131-133*10000",
				"205*131-133*10000"
			],
			"DropType": 1
		},
		{
			"DropId": 301447,
			"DropItems": [
				"101*3662-4299*10000",
				"201*149-151*10000",
				"202*149-151*10000",
				"203*149-151*10000",
				"204*149-151*10000",
				"205*149-151*10000"
			],
			"DropType": 1
		},
		{
			"DropId": 301448,
			"DropItems": [
				"101*4070-4777*10000",
				"201*167-169*10000",
				"202*167-169*10000",
				"203*167-169*10000",
				"204*167-169*10000",
				"205*167-169*10000"
			],
			"DropType": 1
		},
		{
			"DropId": 301449,
			"DropItems": [
				"101*4476-5255*10000",
				"201*184-186*10000",
				"202*184-186*10000",
				"203*184-186*10000",
				"204*184-186*10000",
				"205*184-186*10000"
			],
			"DropType": 1
		},
		{
			"DropId": 301450,
			"DropItems": [
				"101*4883-5732*10000",
				"201*202-204*10000",
				"202*202-204*10000",
				"203*202-204*10000",
				"204*202-204*10000",
				"205*202-204*10000"
			],
			"DropType": 1
		},
		{
			"DropId": 301201,
			"DropItems": [
				"101*85-100*10000",
				"201*3-4*10000",
				"202*3-4*10000",
				"203*3-4*10000",
				"204*3-4*10000",
				"205*3-4*10000"
			],
			"DropType": 1
		},
		{
			"DropId": 301202,
			"DropItems": [
				"101*114-133*10000",
				"201*4-5*10000",
				"202*4-5*10000",
				"203*4-5*10000",
				"204*4-5*10000",
				"205*4-5*10000"
			],
			"DropType": 1
		},
		{
			"DropId": 301203,
			"DropItems": [
				"101*142-167*10000",
				"201*4-6*10000",
				"202*4-6*10000",
				"203*4-6*10000",
				"204*4-6*10000",
				"205*4-6*10000"
			],
			"DropType": 1
		},
		{
			"DropId": 301204,
			"DropItems": [
				"101*171-200*10000",
				"201*5-7*10000",
				"202*5-7*10000",
				"203*5-7*10000",
				"204*5-7*10000",
				"205*5-7*10000"
			],
			"DropType": 1
		},
		{
			"DropId": 301205,
			"DropItems": [
				"101*199-234*10000",
				"201*7-9*10000",
				"202*7-9*10000",
				"203*7-9*10000",
				"204*7-9*10000",
				"205*7-9*10000"
			],
			"DropType": 1
		},
		{
			"DropId": 301206,
			"DropItems": [
				"101*228-267*10000",
				"201*8-10*10000",
				"202*8-10*10000",
				"203*8-10*10000",
				"204*8-10*10000",
				"205*8-10*10000"
			],
			"DropType": 1
		},
		{
			"DropId": 301207,
			"DropItems": [
				"101*256-301*10000",
				"201*9-11*10000",
				"202*9-11*10000",
				"203*9-11*10000",
				"204*9-11*10000",
				"205*9-11*10000"
			],
			"DropType": 1
		},
		{
			"DropId": 301208,
			"DropItems": [
				"101*285-334*10000",
				"201*10-12*10000",
				"202*10-12*10000",
				"203*10-12*10000",
				"204*10-12*10000",
				"205*10-12*10000"
			],
			"DropType": 1
		},
		{
			"DropId": 301209,
			"DropItems": [
				"101*313-368*10000",
				"201*12-14*10000",
				"202*12-14*10000",
				"203*12-14*10000",
				"204*12-14*10000",
				"205*12-14*10000"
			],
			"DropType": 1
		},
		{
			"DropId": 301210,
			"DropItems": [
				"101*342-401*10000",
				"201*13-15*10000",
				"202*13-15*10000",
				"203*13-15*10000",
				"204*13-15*10000",
				"205*13-15*10000"
			],
			"DropType": 1
		},
		{
			"DropId": 301221,
			"DropItems": [
				"101*168-197*10000",
				"201*5-7*10000",
				"202*5-7*10000",
				"203*5-7*10000",
				"204*5-7*10000",
				"205*5-7*10000"
			],
			"DropType": 1
		},
		{
			"DropId": 301222,
			"DropItems": [
				"101*224-263*10000",
				"201*7-9*10000",
				"202*7-9*10000",
				"203*7-9*10000",
				"204*7-9*10000",
				"205*7-9*10000"
			],
			"DropType": 1
		},
		{
			"DropId": 301223,
			"DropItems": [
				"101*280-329*10000",
				"201*9-11*10000",
				"202*9-11*10000",
				"203*9-11*10000",
				"204*9-11*10000",
				"205*9-11*10000"
			],
			"DropType": 1
		},
		{
			"DropId": 301224,
			"DropItems": [
				"101*336-395*10000",
				"201*12-14*10000",
				"202*12-14*10000",
				"203*12-14*10000",
				"204*12-14*10000",
				"205*12-14*10000"
			],
			"DropType": 1
		},
		{
			"DropId": 301225,
			"DropItems": [
				"101*392-461*10000",
				"201*14-16*10000",
				"202*14-16*10000",
				"203*14-16*10000",
				"204*14-16*10000",
				"205*14-16*10000"
			],
			"DropType": 1
		},
		{
			"DropId": 301226,
			"DropItems": [
				"101*448-527*10000",
				"201*17-19*10000",
				"202*17-19*10000",
				"203*17-19*10000",
				"204*17-19*10000",
				"205*17-19*10000"
			],
			"DropType": 1
		},
		{
			"DropId": 301227,
			"DropItems": [
				"101*505-592*10000",
				"201*19-21*10000",
				"202*19-21*10000",
				"203*19-21*10000",
				"204*19-21*10000",
				"205*19-21*10000"
			],
			"DropType": 1
		},
		{
			"DropId": 301228,
			"DropItems": [
				"101*561-658*10000",
				"201*22-24*10000",
				"202*22-24*10000",
				"203*22-24*10000",
				"204*22-24*10000",
				"205*22-24*10000"
			],
			"DropType": 1
		},
		{
			"DropId": 301229,
			"DropItems": [
				"101*617-724*10000",
				"201*24-26*10000",
				"202*24-26*10000",
				"203*24-26*10000",
				"204*24-26*10000",
				"205*24-26*10000"
			],
			"DropType": 1
		},
		{
			"DropId": 301230,
			"DropItems": [
				"101*673-790*10000",
				"201*27-29*10000",
				"202*27-29*10000",
				"203*27-29*10000",
				"204*27-29*10000",
				"205*27-29*10000"
			],
			"DropType": 1
		},
		{
			"DropId": 301241,
			"DropItems": [
				"101*333-392*10000",
				"201*11-13*10000",
				"202*11-13*10000",
				"203*11-13*10000",
				"204*11-13*10000",
				"205*11-13*10000"
			],
			"DropType": 1
		},
		{
			"DropId": 301242,
			"DropItems": [
				"101*445-522*10000",
				"201*15-17*10000",
				"202*15-17*10000",
				"203*15-17*10000",
				"204*15-17*10000",
				"205*15-17*10000"
			],
			"DropType": 1
		},
		{
			"DropId": 301243,
			"DropItems": [
				"101*556-653*10000",
				"201*20-22*10000",
				"202*20-22*10000",
				"203*20-22*10000",
				"204*20-22*10000",
				"205*20-22*10000"
			],
			"DropType": 1
		},
		{
			"DropId": 301244,
			"DropItems": [
				"101*667-784*10000",
				"201*25-27*10000",
				"202*25-27*10000",
				"203*25-27*10000",
				"204*25-27*10000",
				"205*25-27*10000"
			],
			"DropType": 1
		},
		{
			"DropId": 301245,
			"DropItems": [
				"101*779-914*10000",
				"201*30-32*10000",
				"202*30-32*10000",
				"203*30-32*10000",
				"204*30-32*10000",
				"205*30-32*10000"
			],
			"DropType": 1
		},
		{
			"DropId": 301246,
			"DropItems": [
				"101*890-1045*10000",
				"201*35-37*10000",
				"202*35-37*10000",
				"203*35-37*10000",
				"204*35-37*10000",
				"205*35-37*10000"
			],
			"DropType": 1
		},
		{
			"DropId": 301247,
			"DropItems": [
				"101*1001-1176*10000",
				"201*40-42*10000",
				"202*40-42*10000",
				"203*40-42*10000",
				"204*40-42*10000",
				"205*40-42*10000"
			],
			"DropType": 1
		},
		{
			"DropId": 301248,
			"DropItems": [
				"101*1113-1306*10000",
				"201*44-46*10000",
				"202*44-46*10000",
				"203*44-46*10000",
				"204*44-46*10000",
				"205*44-46*10000"
			],
			"DropType": 1
		},
		{
			"DropId": 301249,
			"DropItems": [
				"101*1224-1437*10000",
				"201*49-51*10000",
				"202*49-51*10000",
				"203*49-51*10000",
				"204*49-51*10000",
				"205*49-51*10000"
			],
			"DropType": 1
		},
		{
			"DropId": 301250,
			"DropItems": [
				"101*1335-1568*10000",
				"201*54-56*10000",
				"202*54-56*10000",
				"203*54-56*10000",
				"204*54-56*10000",
				"205*54-56*10000"
			],
			"DropType": 1
		},
		{
			"DropId": 301261,
			"DropItems": [
				"101*720-845*10000",
				"201*25-27*10000",
				"202*25-27*10000",
				"203*25-27*10000",
				"204*25-27*10000",
				"205*25-27*10000"
			],
			"DropType": 1
		},
		{
			"DropId": 301262,
			"DropItems": [
				"101*960-1127*10000",
				"201*35-37*10000",
				"202*35-37*10000",
				"203*35-37*10000",
				"204*35-37*10000",
				"205*35-37*10000"
			],
			"DropType": 1
		},
		{
			"DropId": 301263,
			"DropItems": [
				"101*1200-1409*10000",
				"201*45-47*10000",
				"202*45-47*10000",
				"203*45-47*10000",
				"204*45-47*10000",
				"205*45-47*10000"
			],
			"DropType": 1
		},
		{
			"DropId": 301264,
			"DropItems": [
				"101*1440-1691*10000",
				"201*56-58*10000",
				"202*56-58*10000",
				"203*56-58*10000",
				"204*56-58*10000",
				"205*56-58*10000"
			],
			"DropType": 1
		},
		{
			"DropId": 301265,
			"DropItems": [
				"101*1680-1973*10000",
				"201*66-68*10000",
				"202*66-68*10000",
				"203*66-68*10000",
				"204*66-68*10000",
				"205*66-68*10000"
			],
			"DropType": 1
		},
		{
			"DropId": 301266,
			"DropItems": [
				"101*1920-2255*10000",
				"201*77-79*10000",
				"202*77-79*10000",
				"203*77-79*10000",
				"204*77-79*10000",
				"205*77-79*10000"
			],
			"DropType": 1
		},
		{
			"DropId": 301267,
			"DropItems": [
				"101*2161-2536*10000",
				"201*87-89*10000",
				"202*87-89*10000",
				"203*87-89*10000",
				"204*87-89*10000",
				"205*87-89*10000"
			],
			"DropType": 1
		},
		{
			"DropId": 301268,
			"DropItems": [
				"101*2401-2818*10000",
				"201*98-100*10000",
				"202*98-100*10000",
				"203*98-100*10000",
				"204*98-100*10000",
				"205*98-100*10000"
			],
			"DropType": 1
		},
		{
			"DropId": 301269,
			"DropItems": [
				"101*2641-3100*10000",
				"201*108-110*10000",
				"202*108-110*10000",
				"203*108-110*10000",
				"204*108-110*10000",
				"205*108-110*10000"
			],
			"DropType": 1
		},
		{
			"DropId": 301270,
			"DropItems": [
				"101*2881-3382*10000",
				"201*119-121*10000",
				"202*119-121*10000",
				"203*119-121*10000",
				"204*119-121*10000",
				"205*119-121*10000"
			],
			"DropType": 1
		},
		{
			"DropId": 301503,
			"DropItems": [
				"201*10-10*10000",
				"201*15-15*10000",
				"201*20-20*10000",
				"201*25-25*10000",
				"201*50-50*5000",
				"202*10-10*10000",
				"202*15-15*10000",
				"202*20-20*10000",
				"202*25-25*10000",
				"202*50-50*5000",
				"203*10-10*10000",
				"203*15-15*10000",
				"203*20-20*10000",
				"203*25-25*10000",
				"203*50-50*5000",
				"204*10-10*10000",
				"204*15-15*10000",
				"204*20-20*10000",
				"204*25-25*10000",
				"204*50-50*5000",
				"205*10-10*10000",
				"205*15-15*10000",
				"205*20-20*10000",
				"205*25-25*10000",
				"205*50-50*5000",
				"5002*1-1*10000",
				"5002*2-2*10000",
				"5002*3-3*5000"
			],
			"DropType": 2
		}
	]
}