{
	"@Tool": "github.com/davyxu/tabtoy",
	"@Version": "",
	"PvPSegmentData": [
		{
			"Color": "#FFFFFF",
			"Exp": 0,
			"Grad": 1,
			"Id": 1,
			"LoseReward": "",
			"Name": "Grade 1 - Iron",
			"ResetStar": 1,
			"Star": 1,
			"StarMax": 1,
			"StarReward": [
				"101*50",
				"202*5"
			],
			"WinReward": "101*5"
		},
		{
			"Color": "#FFFFFF",
			"Exp": 150,
			"Grad": 2,
			"Id": 2,
			"LoseReward": "",
			"Name": "Grade 2 - Bronze",
			"ResetStar": 2,
			"Star": 1,
			"StarMax": 2,
			"StarReward": [
				"101*100",
				"203*10"
			],
			"WinReward": "101*7"
		},
		{
			"Color": "#FFFFFF",
			"Exp": 300,
			"Grad": 2,
			"Id": 3,
			"LoseReward": "",
			"Name": "Grade 2 - Bronze",
			"ResetStar": 3,
			"Star": 2,
			"StarMax": 2,
			"StarReward": [
				"101*150",
				"204*10"
			],
			"WinReward": "101*7"
		},
		{
			"Color": "#40EC29",
			"Exp": 450,
			"Grad": 3,
			"Id": 4,
			"LoseReward": "",
			"Name": "Grade 3 - Silver",
			"ResetStar": 4,
			"Star": 1,
			"StarMax": 3,
			"StarReward": [
				"101*200",
				"205*15"
			],
			"WinReward": "101*9"
		},
		{
			"Color": "#40EC29",
			"Exp": 600,
			"Grad": 3,
			"Id": 5,
			"LoseReward": "",
			"Name": "Grade 3 - Silver",
			"ResetStar": 5,
			"Star": 2,
			"StarMax": 3,
			"StarReward": [
				"101*250",
				"201*15"
			],
			"WinReward": "101*9"
		},
		{
			"Color": "#40EC29",
			"Exp": 750,
			"Grad": 3,
			"Id": 6,
			"LoseReward": "",
			"Name": "Grade 3 - Silver",
			"ResetStar": 6,
			"Star": 3,
			"StarMax": 3,
			"StarReward": [
				"101*300",
				"202*15"
			],
			"WinReward": "101*9"
		},
		{
			"Color": "#40EC29",
			"Exp": 900,
			"Grad": 4,
			"Id": 7,
			"LoseReward": "",
			"Name": "Grade 4 - Gold",
			"ResetStar": 6,
			"Star": 1,
			"StarMax": 3,
			"StarReward": [
				"101*350",
				"203*20"
			],
			"WinReward": "101*11"
		},
		{
			"Color": "#40EC29",
			"Exp": 1050,
			"Grad": 4,
			"Id": 8,
			"LoseReward": "",
			"Name": "Grade 4 - Gold",
			"ResetStar": 7,
			"Star": 2,
			"StarMax": 3,
			"StarReward": [
				"101*400",
				"204*20"
			],
			"WinReward": "101*11"
		},
		{
			"Color": "#40EC29",
			"Exp": 1200,
			"Grad": 4,
			"Id": 9,
			"LoseReward": "",
			"Name": "Grade 4 - Gold",
			"ResetStar": 8,
			"Star": 3,
			"StarMax": 3,
			"StarReward": [
				"101*450",
				"205*20"
			],
			"WinReward": "101*11"
		},
		{
			"Color": "#4BB5FF",
			"Exp": 1350,
			"Grad": 5,
			"Id": 10,
			"LoseReward": "",
			"Name": "Grade 5 - Platinum",
			"ResetStar": 8,
			"Star": 1,
			"StarMax": 4,
			"StarReward": [
				"101*500",
				"201*25"
			],
			"WinReward": "101*12"
		},
		{
			"Color": "#4BB5FF",
			"Exp": 1500,
			"Grad": 5,
			"Id": 11,
			"LoseReward": "",
			"Name": "Grade 5 - Platinum",
			"ResetStar": 9,
			"Star": 2,
			"StarMax": 4,
			"StarReward": [
				"101*550",
				"202*25"
			],
			"WinReward": "101*12"
		},
		{
			"Color": "#4BB5FF",
			"Exp": 1650,
			"Grad": 5,
			"Id": 12,
			"LoseReward": "",
			"Name": "Grade 5 - Platinum",
			"ResetStar": 10,
			"Star": 3,
			"StarMax": 4,
			"StarReward": [
				"101*600",
				"203*25"
			],
			"WinReward": "101*12"
		},
		{
			"Color": "#4BB5FF",
			"Exp": 1800,
			"Grad": 5,
			"Id": 13,
			"LoseReward": "",
			"Name": "Grade 5 - Platinum",
			"ResetStar": 11,
			"Star": 4,
			"StarMax": 4,
			"StarReward": [
				"101*650",
				"204*25"
			],
			"WinReward": "101*12"
		},
		{
			"Color": "#4BB5FF",
			"Exp": 1950,
			"Grad": 6,
			"Id": 14,
			"LoseReward": "",
			"Name": "Grade 6 - Emerald",
			"ResetStar": 11,
			"Star": 1,
			"StarMax": 4,
			"StarReward": [
				"101*700",
				"205*30"
			],
			"WinReward": "101*14"
		},
		{
			"Color": "#4BB5FF",
			"Exp": 2100,
			"Grad": 6,
			"Id": 15,
			"LoseReward": "",
			"Name": "Grade 6 - Emerald",
			"ResetStar": 12,
			"Star": 2,
			"StarMax": 4,
			"StarReward": [
				"101*750",
				"201*30"
			],
			"WinReward": "101*14"
		},
		{
			"Color": "#4BB5FF",
			"Exp": 2250,
			"Grad": 6,
			"Id": 16,
			"LoseReward": "",
			"Name": "Grade 6 - Emerald",
			"ResetStar": 13,
			"Star": 3,
			"StarMax": 4,
			"StarReward": [
				"101*800",
				"202*30"
			],
			"WinReward": "101*14"
		},
		{
			"Color": "#4BB5FF",
			"Exp": 2400,
			"Grad": 6,
			"Id": 17,
			"LoseReward": "",
			"Name": "Grade 6 - Emerald",
			"ResetStar": 14,
			"Star": 4,
			"StarMax": 4,
			"StarReward": [
				"101*850",
				"203*30"
			],
			"WinReward": "101*14"
		},
		{
			"Color": "#D763F8",
			"Exp": 2550,
			"Grad": 7,
			"Id": 18,
			"LoseReward": "",
			"Name": "Grade 7 - Diamond",
			"ResetStar": 14,
			"Star": 1,
			"StarMax": 4,
			"StarReward": [
				"101*900",
				"204*35"
			],
			"WinReward": "101*15"
		},
		{
			"Color": "#D763F8",
			"Exp": 2700,
			"Grad": 7,
			"Id": 19,
			"LoseReward": "",
			"Name": "Grade 7 - Diamond",
			"ResetStar": 15,
			"Star": 2,
			"StarMax": 4,
			"StarReward": [
				"101*950",
				"205*35"
			],
			"WinReward": "101*15"
		},
		{
			"Color": "#D763F8",
			"Exp": 2850,
			"Grad": 7,
			"Id": 20,
			"LoseReward": "",
			"Name": "Grade 7 - Diamond",
			"ResetStar": 16,
			"Star": 3,
			"StarMax": 4,
			"StarReward": [
				"101*1000",
				"201*35"
			],
			"WinReward": "101*15"
		},
		{
			"Color": "#D763F8",
			"Exp": 3000,
			"Grad": 7,
			"Id": 21,
			"LoseReward": "",
			"Name": "Grade 7 - Diamond",
			"ResetStar": 17,
			"Star": 4,
			"StarMax": 4,
			"StarReward": [
				"101*1050",
				"202*35"
			],
			"WinReward": "101*15"
		},
		{
			"Color": "#D763F8",
			"Exp": 3150,
			"Grad": 8,
			"Id": 22,
			"LoseReward": "",
			"Name": "Grade 8 - Master",
			"ResetStar": 17,
			"Star": 1,
			"StarMax": 5,
			"StarReward": [
				"101*1100",
				"203*40"
			],
			"WinReward": "101*16"
		},
		{
			"Color": "#D763F8",
			"Exp": 3300,
			"Grad": 8,
			"Id": 23,
			"LoseReward": "",
			"Name": "Grade 8 - Master",
			"ResetStar": 18,
			"Star": 2,
			"StarMax": 5,
			"StarReward": [
				"101*1150",
				"204*40"
			],
			"WinReward": "101*16"
		},
		{
			"Color": "#D763F8",
			"Exp": 3450,
			"Grad": 8,
			"Id": 24,
			"LoseReward": "",
			"Name": "Grade 8 - Master",
			"ResetStar": 19,
			"Star": 3,
			"StarMax": 5,
			"StarReward": [
				"101*1200",
				"205*40"
			],
			"WinReward": "101*16"
		},
		{
			"Color": "#D763F8",
			"Exp": 3600,
			"Grad": 8,
			"Id": 25,
			"LoseReward": "",
			"Name": "Grade 8 - Master",
			"ResetStar": 20,
			"Star": 4,
			"StarMax": 5,
			"StarReward": [
				"101*1250",
				"201*40"
			],
			"WinReward": "101*16"
		},
		{
			"Color": "#D763F8",
			"Exp": 3750,
			"Grad": 8,
			"Id": 26,
			"LoseReward": "",
			"Name": "Grade 8 - Master",
			"ResetStar": 21,
			"Star": 5,
			"StarMax": 5,
			"StarReward": [
				"101*1300",
				"202*40"
			],
			"WinReward": "101*16"
		},
		{
			"Color": "#FFB137",
			"Exp": 3900,
			"Grad": 9,
			"Id": 27,
			"LoseReward": "",
			"Name": "Grade 9 - GrandMaster",
			"ResetStar": 21,
			"Star": 1,
			"StarMax": 5,
			"StarReward": [
				"101*1350",
				"203*45"
			],
			"WinReward": "101*18"
		},
		{
			"Color": "#FFB137",
			"Exp": 4050,
			"Grad": 9,
			"Id": 28,
			"LoseReward": "",
			"Name": "Grade 9 - GrandMaster",
			"ResetStar": 22,
			"Star": 2,
			"StarMax": 5,
			"StarReward": [
				"101*1400",
				"204*45"
			],
			"WinReward": "101*18"
		},
		{
			"Color": "#FFB137",
			"Exp": 4200,
			"Grad": 9,
			"Id": 29,
			"LoseReward": "",
			"Name": "Grade 9 - GrandMaster",
			"ResetStar": 23,
			"Star": 3,
			"StarMax": 5,
			"StarReward": [
				"101*1450",
				"205*45"
			],
			"WinReward": "101*18"
		},
		{
			"Color": "#FFB137",
			"Exp": 4350,
			"Grad": 9,
			"Id": 30,
			"LoseReward": "",
			"Name": "Grade 9 - GrandMaster",
			"ResetStar": 24,
			"Star": 4,
			"StarMax": 5,
			"StarReward": [
				"101*1500",
				"201*45"
			],
			"WinReward": "101*18"
		},
		{
			"Color": "#FFB137",
			"Exp": 4500,
			"Grad": 9,
			"Id": 31,
			"LoseReward": "",
			"Name": "Grade 9 - GrandMaster",
			"ResetStar": 25,
			"Star": 5,
			"StarMax": 5,
			"StarReward": [
				"101*1550",
				"202*45"
			],
			"WinReward": "101*18"
		},
		{
			"Color": "#FFB137",
			"Exp": 4650,
			"Grad": 10,
			"Id": 32,
			"LoseReward": "",
			"Name": "Grade 10 - Changeller",
			"ResetStar": 25,
			"Star": 1,
			"StarMax": 5,
			"StarReward": [
				"101*1600",
				"203*50"
			],
			"WinReward": "101*20"
		},
		{
			"Color": "#FFB137",
			"Exp": 4800,
			"Grad": 10,
			"Id": 33,
			"LoseReward": "",
			"Name": "Grade 10 - Changeller",
			"ResetStar": 26,
			"Star": 2,
			"StarMax": 5,
			"StarReward": [
				"101*1650",
				"204*50"
			],
			"WinReward": "101*20"
		},
		{
			"Color": "#FFB137",
			"Exp": 4950,
			"Grad": 10,
			"Id": 34,
			"LoseReward": "",
			"Name": "Grade 10 - Changeller",
			"ResetStar": 27,
			"Star": 3,
			"StarMax": 5,
			"StarReward": [
				"101*1700",
				"205*50"
			],
			"WinReward": "101*20"
		},
		{
			"Color": "#FFB137",
			"Exp": 5100,
			"Grad": 10,
			"Id": 35,
			"LoseReward": "",
			"Name": "Grade 10 - Changeller",
			"ResetStar": 28,
			"Star": 4,
			"StarMax": 5,
			"StarReward": [
				"101*1750",
				"201*50"
			],
			"WinReward": "101*20"
		},
		{
			"Color": "#FFB137",
			"Exp": 5250,
			"Grad": 10,
			"Id": 36,
			"LoseReward": "",
			"Name": "Grade 10 - Changeller",
			"ResetStar": 29,
			"Star": 5,
			"StarMax": 5,
			"StarReward": [
				"101*1800",
				"202*50"
			],
			"WinReward": "101*20"
		}
	]
}