{
	"@Tool": "github.com/davyxu/tabtoy",
	"@Version": "",
	"RobotTeamData": [
		{
			"Hero": 1,
			"ID": 1,
			"Position_1": "1",
			"Position_2": "",
			"Position_3": "",
			"Position_4": "",
			"Position_5": "",
			"Position_6": ""
		},
		{
			"Hero": 1,
			"ID": 2,
			"Position_1": "",
			"Position_2": "5",
			"Position_3": "",
			"Position_4": "",
			"Position_5": "",
			"Position_6": ""
		},
		{
			"Hero": 1,
			"ID": 3,
			"Position_1": "",
			"Position_2": "",
			"Position_3": "e",
			"Position_4": "",
			"Position_5": "",
			"Position_6": ""
		},
		{
			"Hero": 1,
			"ID": 4,
			"Position_1": "",
			"Position_2": "",
			"Position_3": "",
			"Position_4": "",
			"Position_5": "h",
			"Position_6": ""
		},
		{
			"Hero": 1,
			"ID": 5,
			"Position_1": "",
			"Position_2": "3",
			"Position_3": "",
			"Position_4": "",
			"Position_5": "",
			"Position_6": ""
		},
		{
			"Hero": 1,
			"ID": 6,
			"Position_1": "",
			"Position_2": "",
			"Position_3": "4",
			"Position_4": "",
			"Position_5": "",
			"Position_6": ""
		},
		{
			"Hero": 1,
			"ID": 7,
			"Position_1": "",
			"Position_2": "",
			"Position_3": "",
			"Position_4": "6",
			"Position_5": "",
			"Position_6": ""
		},
		{
			"Hero": 1,
			"ID": 8,
			"Position_1": "",
			"Position_2": "",
			"Position_3": "",
			"Position_4": "",
			"Position_5": "7",
			"Position_6": ""
		},
		{
			"Hero": 1,
			"ID": 9,
			"Position_1": "",
			"Position_2": "",
			"Position_3": "",
			"Position_4": "",
			"Position_5": "",
			"Position_6": "8"
		},
		{
			"Hero": 1,
			"ID": 10,
			"Position_1": "",
			"Position_2": "",
			"Position_3": "",
			"Position_4": "",
			"Position_5": "9",
			"Position_6": ""
		},
		{
			"Hero": 1,
			"ID": 11,
			"Position_1": "",
			"Position_2": "",
			"Position_3": "",
			"Position_4": "0",
			"Position_5": "",
			"Position_6": ""
		},
		{
			"Hero": 1,
			"ID": 12,
			"Position_1": "",
			"Position_2": "",
			"Position_3": "k",
			"Position_4": "",
			"Position_5": "",
			"Position_6": ""
		},
		{
			"Hero": 1,
			"ID": 13,
			"Position_1": "",
			"Position_2": "m",
			"Position_3": "",
			"Position_4": "",
			"Position_5": "",
			"Position_6": ""
		},
		{
			"Hero": 1,
			"ID": 14,
			"Position_1": "",
			"Position_2": "",
			"Position_3": "b",
			"Position_4": "",
			"Position_5": "",
			"Position_6": ""
		},
		{
			"Hero": 2,
			"ID": 15,
			"Position_1": "4",
			"Position_2": "",
			"Position_3": "j",
			"Position_4": "",
			"Position_5": "",
			"Position_6": ""
		},
		{
			"Hero": 2,
			"ID": 16,
			"Position_1": "",
			"Position_2": "",
			"Position_3": "d",
			"Position_4": "i",
			"Position_5": "",
			"Position_6": ""
		},
		{
			"Hero": 2,
			"ID": 17,
			"Position_1": "",
			"Position_2": "t",
			"Position_3": "",
			"Position_4": "",
			"Position_5": "o",
			"Position_6": ""
		},
		{
			"Hero": 2,
			"ID": 18,
			"Position_1": "",
			"Position_2": "k",
			"Position_3": "r",
			"Position_4": "",
			"Position_5": "",
			"Position_6": ""
		},
		{
			"Hero": 2,
			"ID": 19,
			"Position_1": "",
			"Position_2": "0",
			"Position_3": "",
			"Position_4": "",
			"Position_5": "8",
			"Position_6": ""
		},
		{
			"Hero": 2,
			"ID": 20,
			"Position_1": "",
			"Position_2": "p",
			"Position_3": "",
			"Position_4": "g",
			"Position_5": "",
			"Position_6": ""
		},
		{
			"Hero": 2,
			"ID": 21,
			"Position_1": "",
			"Position_2": "",
			"Position_3": "3",
			"Position_4": "6",
			"Position_5": "",
			"Position_6": ""
		},
		{
			"Hero": 2,
			"ID": 22,
			"Position_1": "4",
			"Position_2": "",
			"Position_3": "",
			"Position_4": "",
			"Position_5": "",
			"Position_6": "1"
		},
		{
			"Hero": 2,
			"ID": 23,
			"Position_1": "h",
			"Position_2": "",
			"Position_3": "",
			"Position_4": "",
			"Position_5": "",
			"Position_6": "j"
		},
		{
			"Hero": 2,
			"ID": 24,
			"Position_1": "",
			"Position_2": "d",
			"Position_3": "",
			"Position_4": "",
			"Position_5": "z",
			"Position_6": ""
		},
		{
			"Hero": 2,
			"ID": 25,
			"Position_1": "",
			"Position_2": "j",
			"Position_3": "",
			"Position_4": "",
			"Position_5": "y",
			"Position_6": ""
		},
		{
			"Hero": 2,
			"ID": 26,
			"Position_1": "",
			"Position_2": "w",
			"Position_3": "",
			"Position_4": "b",
			"Position_5": "",
			"Position_6": ""
		},
		{
			"Hero": 2,
			"ID": 27,
			"Position_1": "",
			"Position_2": "w",
			"Position_3": "e",
			"Position_4": "",
			"Position_5": "",
			"Position_6": ""
		},
		{
			"Hero": 2,
			"ID": 28,
			"Position_1": "",
			"Position_2": "c",
			"Position_3": "",
			"Position_4": "",
			"Position_5": "",
			"Position_6": "h"
		},
		{
			"Hero": 3,
			"ID": 29,
			"Position_1": "d",
			"Position_2": "",
			"Position_3": "k",
			"Position_4": "q",
			"Position_5": "",
			"Position_6": ""
		},
		{
			"Hero": 3,
			"ID": 30,
			"Position_1": "",
			"Position_2": "t",
			"Position_3": "x",
			"Position_4": "",
			"Position_5": "",
			"Position_6": "w"
		},
		{
			"Hero": 3,
			"ID": 31,
			"Position_1": "f",
			"Position_2": "",
			"Position_3": "0",
			"Position_4": "",
			"Position_5": "a",
			"Position_6": ""
		},
		{
			"Hero": 3,
			"ID": 32,
			"Position_1": "",
			"Position_2": "",
			"Position_3": "g",
			"Position_4": "h",
			"Position_5": "",
			"Position_6": "c"
		},
		{
			"Hero": 3,
			"ID": 33,
			"Position_1": "",
			"Position_2": "n",
			"Position_3": "",
			"Position_4": "1",
			"Position_5": "",
			"Position_6": "c"
		},
		{
			"Hero": 3,
			"ID": 34,
			"Position_1": "j",
			"Position_2": "1",
			"Position_3": "o",
			"Position_4": "",
			"Position_5": "",
			"Position_6": ""
		},
		{
			"Hero": 3,
			"ID": 35,
			"Position_1": "",
			"Position_2": "h",
			"Position_3": "",
			"Position_4": "j",
			"Position_5": "",
			"Position_6": "u"
		},
		{
			"Hero": 3,
			"ID": 36,
			"Position_1": "",
			"Position_2": "i",
			"Position_3": "",
			"Position_4": "q",
			"Position_5": "",
			"Position_6": "w"
		},
		{
			"Hero": 3,
			"ID": 37,
			"Position_1": "",
			"Position_2": "s",
			"Position_3": "",
			"Position_4": "u",
			"Position_5": "",
			"Position_6": "0"
		},
		{
			"Hero": 3,
			"ID": 38,
			"Position_1": "i",
			"Position_2": "g",
			"Position_3": "t",
			"Position_4": "",
			"Position_5": "",
			"Position_6": ""
		},
		{
			"Hero": 3,
			"ID": 39,
			"Position_1": "1",
			"Position_2": "t",
			"Position_3": "v",
			"Position_4": "",
			"Position_5": "",
			"Position_6": ""
		},
		{
			"Hero": 3,
			"ID": 40,
			"Position_1": "n",
			"Position_2": "4",
			"Position_3": "m",
			"Position_4": "",
			"Position_5": "",
			"Position_6": ""
		},
		{
			"Hero": 3,
			"ID": 41,
			"Position_1": "",
			"Position_2": "",
			"Position_3": "p",
			"Position_4": "6",
			"Position_5": "7",
			"Position_6": ""
		},
		{
			"Hero": 3,
			"ID": 42,
			"Position_1": "",
			"Position_2": "s",
			"Position_3": "",
			"Position_4": "r",
			"Position_5": "",
			"Position_6": "q"
		},
		{
			"Hero": 4,
			"ID": 43,
			"Position_1": "f",
			"Position_2": "9",
			"Position_3": "6",
			"Position_4": "",
			"Position_5": "7",
			"Position_6": ""
		},
		{
			"Hero": 4,
			"ID": 44,
			"Position_1": "i",
			"Position_2": "",
			"Position_3": "3",
			"Position_4": "1",
			"Position_5": "",
			"Position_6": "j"
		},
		{
			"Hero": 4,
			"ID": 45,
			"Position_1": "",
			"Position_2": "m",
			"Position_3": "i",
			"Position_4": "e",
			"Position_5": "",
			"Position_6": "5"
		},
		{
			"Hero": 4,
			"ID": 46,
			"Position_1": "",
			"Position_2": "g",
			"Position_3": "m",
			"Position_4": "",
			"Position_5": "c",
			"Position_6": "b"
		},
		{
			"Hero": 4,
			"ID": 47,
			"Position_1": "0",
			"Position_2": "",
			"Position_3": "4",
			"Position_4": "",
			"Position_5": "1",
			"Position_6": "5"
		},
		{
			"Hero": 4,
			"ID": 48,
			"Position_1": "",
			"Position_2": "f",
			"Position_3": "d",
			"Position_4": "a",
			"Position_5": "",
			"Position_6": "s"
		},
		{
			"Hero": 4,
			"ID": 49,
			"Position_1": "",
			"Position_2": "2",
			"Position_3": "3",
			"Position_4": "8",
			"Position_5": "",
			"Position_6": "5"
		},
		{
			"Hero": 4,
			"ID": 50,
			"Position_1": "f",
			"Position_2": "",
			"Position_3": "s",
			"Position_4": "1",
			"Position_5": "a",
			"Position_6": ""
		},
		{
			"Hero": 4,
			"ID": 51,
			"Position_1": "a",
			"Position_2": "s",
			"Position_3": "",
			"Position_4": "b",
			"Position_5": "",
			"Position_6": "7"
		},
		{
			"Hero": 4,
			"ID": 52,
			"Position_1": "i",
			"Position_2": "",
			"Position_3": "6",
			"Position_4": "",
			"Position_5": "w",
			"Position_6": "q"
		},
		{
			"Hero": 4,
			"ID": 53,
			"Position_1": "x",
			"Position_2": "",
			"Position_3": "k",
			"Position_4": "u",
			"Position_5": "",
			"Position_6": "s"
		},
		{
			"Hero": 4,
			"ID": 54,
			"Position_1": "4",
			"Position_2": "9",
			"Position_3": "i",
			"Position_4": "j",
			"Position_5": "",
			"Position_6": ""
		},
		{
			"Hero": 4,
			"ID": 55,
			"Position_1": "n",
			"Position_2": "m",
			"Position_3": "s",
			"Position_4": "l",
			"Position_5": "",
			"Position_6": ""
		},
		{
			"Hero": 4,
			"ID": 56,
			"Position_1": "p",
			"Position_2": "t",
			"Position_3": "s",
			"Position_4": "",
			"Position_5": "q",
			"Position_6": ""
		},
		{
			"Hero": 5,
			"ID": 57,
			"Position_1": "f",
			"Position_2": "0",
			"Position_3": "k",
			"Position_4": "",
			"Position_5": "h",
			"Position_6": "j"
		},
		{
			"Hero": 5,
			"ID": 58,
			"Position_1": "p",
			"Position_2": "t",
			"Position_3": "x",
			"Position_4": "y",
			"Position_5": "",
			"Position_6": "z"
		},
		{
			"Hero": 5,
			"ID": 59,
			"Position_1": "g",
			"Position_2": "m",
			"Position_3": "s",
			"Position_4": "e",
			"Position_5": "",
			"Position_6": "j"
		},
		{
			"Hero": 5,
			"ID": 60,
			"Position_1": "n",
			"Position_2": "m",
			"Position_3": "d",
			"Position_4": "c",
			"Position_5": "b",
			"Position_6": ""
		},
		{
			"Hero": 5,
			"ID": 61,
			"Position_1": "4",
			"Position_2": "6",
			"Position_3": "g",
			"Position_4": "",
			"Position_5": "j",
			"Position_6": "b"
		},
		{
			"Hero": 5,
			"ID": 62,
			"Position_1": "7",
			"Position_2": "l",
			"Position_3": "a",
			"Position_4": "w",
			"Position_5": "q",
			"Position_6": ""
		},
		{
			"Hero": 5,
			"ID": 63,
			"Position_1": "k",
			"Position_2": "s",
			"Position_3": "0",
			"Position_4": "u",
			"Position_5": "",
			"Position_6": "6"
		},
		{
			"Hero": 5,
			"ID": 64,
			"Position_1": "h",
			"Position_2": "g",
			"Position_3": "t",
			"Position_4": "j",
			"Position_5": "",
			"Position_6": "v"
		},
		{
			"Hero": 5,
			"ID": 65,
			"Position_1": "i",
			"Position_2": "",
			"Position_3": "k",
			"Position_4": "b",
			"Position_5": "u",
			"Position_6": "6"
		},
		{
			"Hero": 5,
			"ID": 66,
			"Position_1": "m",
			"Position_2": "f",
			"Position_3": "n",
			"Position_4": "w",
			"Position_5": "",
			"Position_6": "q"
		},
		{
			"Hero": 5,
			"ID": 67,
			"Position_1": "f",
			"Position_2": "",
			"Position_3": "s",
			"Position_4": "e",
			"Position_5": "1",
			"Position_6": "j"
		},
		{
			"Hero": 5,
			"ID": 68,
			"Position_1": "3",
			"Position_2": "9",
			"Position_3": "2",
			"Position_4": "l",
			"Position_5": "a",
			"Position_6": ""
		},
		{
			"Hero": 5,
			"ID": 69,
			"Position_1": "q",
			"Position_2": "s",
			"Position_3": "x",
			"Position_4": "c",
			"Position_5": "v",
			"Position_6": ""
		},
		{
			"Hero": 5,
			"ID": 70,
			"Position_1": "t",
			"Position_2": "g",
			"Position_3": "m",
			"Position_4": "l",
			"Position_5": "",
			"Position_6": "8"
		}
	]
}