{
	"@Tool": "github.com/davyxu/tabtoy",
	"@Version": "",
	"RobotMatchRuleData": [
		{
			"Exp": 150,
			"LoseTimes": 3,
			"MatchTimes": 15,
			"Switch": 1
		},
		{
			"Exp": 300,
			"LoseTimes": 3,
			"MatchTimes": 15,
			"Switch": 1
		},
		{
			"Exp": 450,
			"LoseTimes": 3,
			"MatchTimes": 15,
			"Switch": 1
		},
		{
			"Exp": 600,
			"LoseTimes": 3,
			"MatchTimes": 15,
			"Switch": 1
		},
		{
			"Exp": 750,
			"LoseTimes": 3,
			"MatchTimes": 15,
			"Switch": 1
		},
		{
			"Exp": 900,
			"LoseTimes": 3,
			"MatchTimes": 20,
			"Switch": 1
		},
		{
			"Exp": 1050,
			"LoseTimes": 3,
			"MatchTimes": 20,
			"Switch": 1
		},
		{
			"Exp": 1200,
			"LoseTimes": 3,
			"MatchTimes": 20,
			"Switch": 1
		},
		{
			"Exp": 1350,
			"LoseTimes": 3,
			"MatchTimes": 20,
			"Switch": 1
		},
		{
			"Exp": 1500,
			"LoseTimes": 3,
			"MatchTimes": 20,
			"Switch": 1
		},
		{
			"Exp": 1650,
			"LoseTimes": 3,
			"MatchTimes": 20,
			"Switch": 1
		},
		{
			"Exp": 1800,
			"LoseTimes": 3,
			"MatchTimes": 20,
			"Switch": 1
		},
		{
			"Exp": 1950,
			"LoseTimes": 3,
			"MatchTimes": 25,
			"Switch": 1
		},
		{
			"Exp": 2100,
			"LoseTimes": 3,
			"MatchTimes": 25,
			"Switch": 1
		},
		{
			"Exp": 2250,
			"LoseTimes": 3,
			"MatchTimes": 25,
			"Switch": 1
		},
		{
			"Exp": 2400,
			"LoseTimes": 3,
			"MatchTimes": 25,
			"Switch": 1
		},
		{
			"Exp": 2550,
			"LoseTimes": 3,
			"MatchTimes": 25,
			"Switch": 1
		},
		{
			"Exp": 2850,
			"LoseTimes": 3,
			"MatchTimes": 25,
			"Switch": 1
		},
		{
			"Exp": 3150,
			"LoseTimes": 3,
			"MatchTimes": 25,
			"Switch": 1
		},
		{
			"Exp": 3450,
			"LoseTimes": 3,
			"MatchTimes": 25,
			"Switch": 1
		},
		{
			"Exp": 3750,
			"LoseTimes": 3,
			"MatchTimes": 25,
			"Switch": 1
		},
		{
			"Exp": 4050,
			"LoseTimes": 3,
			"MatchTimes": 30,
			"Switch": 1
		},
		{
			"Exp": 4350,
			"LoseTimes": 3,
			"MatchTimes": 30,
			"Switch": 1
		},
		{
			"Exp": 4650,
			"LoseTimes": 3,
			"MatchTimes": 30,
			"Switch": 1
		},
		{
			"Exp": 4950,
			"LoseTimes": 3,
			"MatchTimes": 30,
			"Switch": 1
		},
		{
			"Exp": 99999,
			"LoseTimes": 3,
			"MatchTimes": 30,
			"Switch": 1
		}
	]
}