{
	"@Tool": "github.com/davyxu/tabtoy",
	"@Version": "",
	"RobotParametersData": [
		{
			"Exp": 150,
			"LowHeroLv": 1,
			"MinHeros": 1,
			"MoveTimes_Max": 9,
			"MoveTimes_Min": 7
		},
		{
			"Exp": 300,
			"LowHeroLv": 2,
			"MinHeros": 1,
			"MoveTimes_Max": 11,
			"MoveTimes_Min": 9
		},
		{
			"Exp": 450,
			"LowHeroLv": 3,
			"MinHeros": 2,
			"MoveTimes_Max": 13,
			"MoveTimes_Min": 11
		},
		{
			"Exp": 600,
			"LowHeroLv": 4,
			"MinHeros": 2,
			"MoveTimes_Max": 13,
			"MoveTimes_Min": 11
		},
		{
			"Exp": 750,
			"LowHeroLv": 5,
			"MinHeros": 2,
			"MoveTimes_Max": 13,
			"MoveTimes_Min": 11
		},
		{
			"Exp": 900,
			"LowHeroLv": 5,
			"MinHeros": 3,
			"MoveTimes_Max": 15,
			"MoveTimes_Min": 13
		},
		{
			"Exp": 1050,
			"LowHeroLv": 6,
			"MinHeros": 3,
			"MoveTimes_Max": 15,
			"MoveTimes_Min": 13
		},
		{
			"Exp": 1200,
			"LowHeroLv": 7,
			"MinHeros": 3,
			"MoveTimes_Max": 15,
			"MoveTimes_Min": 13
		},
		{
			"Exp": 1350,
			"LowHeroLv": 6,
			"MinHeros": 4,
			"MoveTimes_Max": 18,
			"MoveTimes_Min": 15
		},
		{
			"Exp": 1500,
			"LowHeroLv": 7,
			"MinHeros": 4,
			"MoveTimes_Max": 18,
			"MoveTimes_Min": 15
		},
		{
			"Exp": 1650,
			"LowHeroLv": 8,
			"MinHeros": 4,
			"MoveTimes_Max": 18,
			"MoveTimes_Min": 15
		},
		{
			"Exp": 1800,
			"LowHeroLv": 9,
			"MinHeros": 4,
			"MoveTimes_Max": 18,
			"MoveTimes_Min": 15
		},
		{
			"Exp": 1950,
			"LowHeroLv": 7,
			"MinHeros": 5,
			"MoveTimes_Max": 21,
			"MoveTimes_Min": 18
		},
		{
			"Exp": 2100,
			"LowHeroLv": 8,
			"MinHeros": 5,
			"MoveTimes_Max": 21,
			"MoveTimes_Min": 18
		},
		{
			"Exp": 2250,
			"LowHeroLv": 9,
			"MinHeros": 5,
			"MoveTimes_Max": 21,
			"MoveTimes_Min": 18
		},
		{
			"Exp": 2400,
			"LowHeroLv": 10,
			"MinHeros": 5,
			"MoveTimes_Max": 21,
			"MoveTimes_Min": 18
		},
		{
			"Exp": 2550,
			"LowHeroLv": 11,
			"MinHeros": 5,
			"MoveTimes_Max": 26,
			"MoveTimes_Min": 21
		},
		{
			"Exp": 2850,
			"LowHeroLv": 12,
			"MinHeros": 5,
			"MoveTimes_Max": 26,
			"MoveTimes_Min": 21
		},
		{
			"Exp": 3150,
			"LowHeroLv": 13,
			"MinHeros": 5,
			"MoveTimes_Max": 31,
			"MoveTimes_Min": 26
		},
		{
			"Exp": 3450,
			"LowHeroLv": 14,
			"MinHeros": 5,
			"MoveTimes_Max": 31,
			"MoveTimes_Min": 26
		},
		{
			"Exp": 3750,
			"LowHeroLv": 15,
			"MinHeros": 5,
			"MoveTimes_Max": 31,
			"MoveTimes_Min": 26
		},
		{
			"Exp": 4050,
			"LowHeroLv": 16,
			"MinHeros": 5,
			"MoveTimes_Max": 36,
			"MoveTimes_Min": 31
		},
		{
			"Exp": 4350,
			"LowHeroLv": 17,
			"MinHeros": 5,
			"MoveTimes_Max": 36,
			"MoveTimes_Min": 31
		},
		{
			"Exp": 4650,
			"LowHeroLv": 18,
			"MinHeros": 5,
			"MoveTimes_Max": 41,
			"MoveTimes_Min": 36
		},
		{
			"Exp": 4950,
			"LowHeroLv": 19,
			"MinHeros": 5,
			"MoveTimes_Max": 41,
			"MoveTimes_Min": 36
		},
		{
			"Exp": 99999,
			"LowHeroLv": 20,
			"MinHeros": 5,
			"MoveTimes_Max": 41,
			"MoveTimes_Min": 36
		}
	]
}