{
	"@Tool": "github.com/davyxu/tabtoy",
	"@Version": "",
	"ShopItem": [
		{
			"Conditional_ID": [],
			"Current_Consumer": "free",
			"Discount": "",
			"Grad_Price": 0,
			"ID": 101,
			"Item_Icon": "",
			"Item_Info": "102*20",
			"Item_Name": 3001501,
			"Order": 1,
			"Original_Consumer": "",
			"Person_Limit": 1,
			"Product_ID": "",
			"ShopID": 1
		},
		{
			"Conditional_ID": [
				20
			],
			"Current_Consumer": "102*1",
			"Discount": "",
			"Grad_Price": 1,
			"ID": 102,
			"Item_Icon": "",
			"Item_Info": "201*5",
			"Item_Name": 0,
			"Order": 3,
			"Original_Consumer": "",
			"Person_Limit": 10,
			"Product_ID": "",
			"ShopID": 1
		},
		{
			"Conditional_ID": [
				20
			],
			"Current_Consumer": "102*1",
			"Discount": "",
			"Grad_Price": 1,
			"ID": 103,
			"Item_Icon": "",
			"Item_Info": "202*5",
			"Item_Name": 0,
			"Order": 4,
			"Original_Consumer": "",
			"Person_Limit": 10,
			"Product_ID": "",
			"ShopID": 1
		},
		{
			"Conditional_ID": [
				20
			],
			"Current_Consumer": "102*1",
			"Discount": "",
			"Grad_Price": 1,
			"ID": 104,
			"Item_Icon": "",
			"Item_Info": "203*5",
			"Item_Name": 0,
			"Order": 5,
			"Original_Consumer": "",
			"Person_Limit": 10,
			"Product_ID": "",
			"ShopID": 1
		},
		{
			"Conditional_ID": [
				20
			],
			"Current_Consumer": "102*1",
			"Discount": "",
			"Grad_Price": 1,
			"ID": 105,
			"Item_Icon": "",
			"Item_Info": "204*5",
			"Item_Name": 0,
			"Order": 6,
			"Original_Consumer": "",
			"Person_Limit": 10,
			"Product_ID": "",
			"ShopID": 1
		},
		{
			"Conditional_ID": [
				20
			],
			"Current_Consumer": "102*1",
			"Discount": "",
			"Grad_Price": 1,
			"ID": 106,
			"Item_Icon": "",
			"Item_Info": "205*5",
			"Item_Name": 0,
			"Order": 7,
			"Original_Consumer": "",
			"Person_Limit": 10,
			"Product_ID": "",
			"ShopID": 1
		},
		{
			"Conditional_ID": [],
			"Current_Consumer": "101*500",
			"Discount": "",
			"Grad_Price": 0,
			"ID": 107,
			"Item_Icon": "item_icon_chest_04",
			"Item_Info": "1503*1",
			"Item_Name": 3001503,
			"Order": 2,
			"Original_Consumer": "",
			"Person_Limit": 10,
			"Product_ID": "",
			"ShopID": 1
		},
		{
			"Conditional_ID": [
				21
			],
			"Current_Consumer": "102*1",
			"Discount": "",
			"Grad_Price": 2,
			"ID": 108,
			"Item_Icon": "",
			"Item_Info": "201*10",
			"Item_Name": 0,
			"Order": 3,
			"Original_Consumer": "",
			"Person_Limit": 10,
			"Product_ID": "",
			"ShopID": 1
		},
		{
			"Conditional_ID": [
				21
			],
			"Current_Consumer": "102*1",
			"Discount": "",
			"Grad_Price": 2,
			"ID": 109,
			"Item_Icon": "",
			"Item_Info": "202*10",
			"Item_Name": 0,
			"Order": 4,
			"Original_Consumer": "",
			"Person_Limit": 10,
			"Product_ID": "",
			"ShopID": 1
		},
		{
			"Conditional_ID": [
				21
			],
			"Current_Consumer": "102*1",
			"Discount": "",
			"Grad_Price": 2,
			"ID": 110,
			"Item_Icon": "",
			"Item_Info": "203*10",
			"Item_Name": 0,
			"Order": 5,
			"Original_Consumer": "",
			"Person_Limit": 10,
			"Product_ID": "",
			"ShopID": 1
		},
		{
			"Conditional_ID": [
				21
			],
			"Current_Consumer": "102*1",
			"Discount": "",
			"Grad_Price": 2,
			"ID": 111,
			"Item_Icon": "",
			"Item_Info": "204*10",
			"Item_Name": 0,
			"Order": 6,
			"Original_Consumer": "",
			"Person_Limit": 10,
			"Product_ID": "",
			"ShopID": 1
		},
		{
			"Conditional_ID": [
				21
			],
			"Current_Consumer": "102*1",
			"Discount": "",
			"Grad_Price": 2,
			"ID": 112,
			"Item_Icon": "",
			"Item_Info": "205*10",
			"Item_Name": 0,
			"Order": 7,
			"Original_Consumer": "",
			"Person_Limit": 10,
			"Product_ID": "",
			"ShopID": 1
		},
		{
			"Conditional_ID": [],
			"Current_Consumer": "101*900",
			"Discount": "- 40%",
			"Grad_Price": 0,
			"ID": 201,
			"Item_Icon": "",
			"Item_Info": "5002*5",
			"Item_Name": 3001502,
			"Order": 6,
			"Original_Consumer": "101*1500",
			"Person_Limit": 1,
			"Product_ID": "",
			"ShopID": 2
		},
		{
			"Conditional_ID": [
				1
			],
			"Current_Consumer": "101*180",
			"Discount": "- 40%",
			"Grad_Price": 0,
			"ID": 202,
			"Item_Icon": "",
			"Item_Info": "201*10",
			"Item_Name": 0,
			"Order": 1,
			"Original_Consumer": "101*300",
			"Person_Limit": 1,
			"Product_ID": "",
			"ShopID": 2
		},
		{
			"Conditional_ID": [
				1
			],
			"Current_Consumer": "101*180",
			"Discount": "- 40%",
			"Grad_Price": 0,
			"ID": 203,
			"Item_Icon": "",
			"Item_Info": "202*10",
			"Item_Name": 0,
			"Order": 2,
			"Original_Consumer": "101*300",
			"Person_Limit": 1,
			"Product_ID": "",
			"ShopID": 2
		},
		{
			"Conditional_ID": [
				1
			],
			"Current_Consumer": "101*180",
			"Discount": "- 40%",
			"Grad_Price": 0,
			"ID": 204,
			"Item_Icon": "",
			"Item_Info": "203*10",
			"Item_Name": 0,
			"Order": 3,
			"Original_Consumer": "101*300",
			"Person_Limit": 1,
			"Product_ID": "",
			"ShopID": 2
		},
		{
			"Conditional_ID": [
				1
			],
			"Current_Consumer": "101*180",
			"Discount": "- 40%",
			"Grad_Price": 0,
			"ID": 205,
			"Item_Icon": "",
			"Item_Info": "204*10",
			"Item_Name": 0,
			"Order": 4,
			"Original_Consumer": "101*300",
			"Person_Limit": 1,
			"Product_ID": "",
			"ShopID": 2
		},
		{
			"Conditional_ID": [
				1
			],
			"Current_Consumer": "101*180",
			"Discount": "- 40%",
			"Grad_Price": 0,
			"ID": 206,
			"Item_Icon": "",
			"Item_Info": "205*10",
			"Item_Name": 0,
			"Order": 5,
			"Original_Consumer": "101*300",
			"Person_Limit": 1,
			"Product_ID": "",
			"ShopID": 2
		},
		{
			"Conditional_ID": [
				2
			],
			"Current_Consumer": "101*360",
			"Discount": "- 40%",
			"Grad_Price": 0,
			"ID": 207,
			"Item_Icon": "",
			"Item_Info": "201*20",
			"Item_Name": 0,
			"Order": 1,
			"Original_Consumer": "101*600",
			"Person_Limit": 1,
			"Product_ID": "",
			"ShopID": 2
		},
		{
			"Conditional_ID": [
				2
			],
			"Current_Consumer": "101*360",
			"Discount": "- 40%",
			"Grad_Price": 0,
			"ID": 208,
			"Item_Icon": "",
			"Item_Info": "202*20",
			"Item_Name": 0,
			"Order": 2,
			"Original_Consumer": "101*600",
			"Person_Limit": 1,
			"Product_ID": "",
			"ShopID": 2
		},
		{
			"Conditional_ID": [
				2
			],
			"Current_Consumer": "101*360",
			"Discount": "- 40%",
			"Grad_Price": 0,
			"ID": 209,
			"Item_Icon": "",
			"Item_Info": "203*20",
			"Item_Name": 0,
			"Order": 3,
			"Original_Consumer": "101*600",
			"Person_Limit": 1,
			"Product_ID": "",
			"ShopID": 2
		},
		{
			"Conditional_ID": [
				2
			],
			"Current_Consumer": "101*360",
			"Discount": "- 40%",
			"Grad_Price": 0,
			"ID": 210,
			"Item_Icon": "",
			"Item_Info": "204*20",
			"Item_Name": 0,
			"Order": 4,
			"Original_Consumer": "101*600",
			"Person_Limit": 1,
			"Product_ID": "",
			"ShopID": 2
		},
		{
			"Conditional_ID": [
				2
			],
			"Current_Consumer": "101*360",
			"Discount": "- 40%",
			"Grad_Price": 0,
			"ID": 211,
			"Item_Icon": "",
			"Item_Info": "205*20",
			"Item_Name": 0,
			"Order": 5,
			"Original_Consumer": "101*600",
			"Person_Limit": 1,
			"Product_ID": "",
			"ShopID": 2
		},
		{
			"Conditional_ID": [
				3
			],
			"Current_Consumer": "101*540",
			"Discount": "- 40%",
			"Grad_Price": 0,
			"ID": 212,
			"Item_Icon": "",
			"Item_Info": "201*30",
			"Item_Name": 0,
			"Order": 1,
			"Original_Consumer": "101*900",
			"Person_Limit": 1,
			"Product_ID": "",
			"ShopID": 2
		},
		{
			"Conditional_ID": [
				3
			],
			"Current_Consumer": "101*540",
			"Discount": "- 40%",
			"Grad_Price": 0,
			"ID": 213,
			"Item_Icon": "",
			"Item_Info": "202*30",
			"Item_Name": 0,
			"Order": 2,
			"Original_Consumer": "101*900",
			"Person_Limit": 1,
			"Product_ID": "",
			"ShopID": 2
		},
		{
			"Conditional_ID": [
				3
			],
			"Current_Consumer": "101*540",
			"Discount": "- 40%",
			"Grad_Price": 0,
			"ID": 214,
			"Item_Icon": "",
			"Item_Info": "203*30",
			"Item_Name": 0,
			"Order": 3,
			"Original_Consumer": "101*900",
			"Person_Limit": 1,
			"Product_ID": "",
			"ShopID": 2
		},
		{
			"Conditional_ID": [
				3
			],
			"Current_Consumer": "101*540",
			"Discount": "- 40%",
			"Grad_Price": 0,
			"ID": 215,
			"Item_Icon": "",
			"Item_Info": "204*30",
			"Item_Name": 0,
			"Order": 4,
			"Original_Consumer": "101*900",
			"Person_Limit": 1,
			"Product_ID": "",
			"ShopID": 2
		},
		{
			"Conditional_ID": [
				3
			],
			"Current_Consumer": "101*540",
			"Discount": "- 40%",
			"Grad_Price": 0,
			"ID": 216,
			"Item_Icon": "",
			"Item_Info": "205*30",
			"Item_Name": 0,
			"Order": 5,
			"Original_Consumer": "101*900",
			"Person_Limit": 1,
			"Product_ID": "",
			"ShopID": 2
		},
		{
			"Conditional_ID": [
				4
			],
			"Current_Consumer": "101*720",
			"Discount": "- 40%",
			"Grad_Price": 0,
			"ID": 217,
			"Item_Icon": "",
			"Item_Info": "201*40",
			"Item_Name": 0,
			"Order": 1,
			"Original_Consumer": "101*1200",
			"Person_Limit": 1,
			"Product_ID": "",
			"ShopID": 2
		},
		{
			"Conditional_ID": [
				4
			],
			"Current_Consumer": "101*720",
			"Discount": "- 40%",
			"Grad_Price": 0,
			"ID": 218,
			"Item_Icon": "",
			"Item_Info": "202*40",
			"Item_Name": 0,
			"Order": 2,
			"Original_Consumer": "101*1200",
			"Person_Limit": 1,
			"Product_ID": "",
			"ShopID": 2
		},
		{
			"Conditional_ID": [
				4
			],
			"Current_Consumer": "101*720",
			"Discount": "- 40%",
			"Grad_Price": 0,
			"ID": 219,
			"Item_Icon": "",
			"Item_Info": "203*40",
			"Item_Name": 0,
			"Order": 3,
			"Original_Consumer": "101*1200",
			"Person_Limit": 1,
			"Product_ID": "",
			"ShopID": 2
		},
		{
			"Conditional_ID": [
				4
			],
			"Current_Consumer": "101*720",
			"Discount": "- 40%",
			"Grad_Price": 0,
			"ID": 220,
			"Item_Icon": "",
			"Item_Info": "204*40",
			"Item_Name": 0,
			"Order": 4,
			"Original_Consumer": "101*1200",
			"Person_Limit": 1,
			"Product_ID": "",
			"ShopID": 2
		},
		{
			"Conditional_ID": [
				4
			],
			"Current_Consumer": "101*720",
			"Discount": "- 40%",
			"Grad_Price": 0,
			"ID": 221,
			"Item_Icon": "",
			"Item_Info": "205*40",
			"Item_Name": 0,
			"Order": 5,
			"Original_Consumer": "101*1200",
			"Person_Limit": 1,
			"Product_ID": "",
			"ShopID": 2
		},
		{
			"Conditional_ID": [
				11
			],
			"Current_Consumer": "101*900",
			"Discount": "- 40%",
			"Grad_Price": 0,
			"ID": 222,
			"Item_Icon": "",
			"Item_Info": "201*50",
			"Item_Name": 0,
			"Order": 1,
			"Original_Consumer": "101*1500",
			"Person_Limit": 1,
			"Product_ID": "",
			"ShopID": 2
		},
		{
			"Conditional_ID": [
				11
			],
			"Current_Consumer": "101*900",
			"Discount": "- 40%",
			"Grad_Price": 0,
			"ID": 223,
			"Item_Icon": "",
			"Item_Info": "202*50",
			"Item_Name": 0,
			"Order": 2,
			"Original_Consumer": "101*1500",
			"Person_Limit": 1,
			"Product_ID": "",
			"ShopID": 2
		},
		{
			"Conditional_ID": [
				11
			],
			"Current_Consumer": "101*900",
			"Discount": "- 40%",
			"Grad_Price": 0,
			"ID": 224,
			"Item_Icon": "",
			"Item_Info": "203*50",
			"Item_Name": 0,
			"Order": 3,
			"Original_Consumer": "101*1500",
			"Person_Limit": 1,
			"Product_ID": "",
			"ShopID": 2
		},
		{
			"Conditional_ID": [
				11
			],
			"Current_Consumer": "101*900",
			"Discount": "- 40%",
			"Grad_Price": 0,
			"ID": 225,
			"Item_Icon": "",
			"Item_Info": "204*50",
			"Item_Name": 0,
			"Order": 4,
			"Original_Consumer": "101*1500",
			"Person_Limit": 1,
			"Product_ID": "",
			"ShopID": 2
		},
		{
			"Conditional_ID": [
				11
			],
			"Current_Consumer": "101*900",
			"Discount": "- 40%",
			"Grad_Price": 0,
			"ID": 226,
			"Item_Icon": "",
			"Item_Info": "205*50",
			"Item_Name": 0,
			"Order": 5,
			"Original_Consumer": "101*1500",
			"Person_Limit": 1,
			"Product_ID": "",
			"ShopID": 2
		},
		{
			"Conditional_ID": [],
			"Current_Consumer": "102*60",
			"Discount": "",
			"Grad_Price": 0,
			"ID": 301,
			"Item_Icon": "item_icon_101_1",
			"Item_Info": "101*1000",
			"Item_Name": 3001511,
			"Order": 1,
			"Original_Consumer": "",
			"Person_Limit": 0,
			"Product_ID": "",
			"ShopID": 3
		},
		{
			"Conditional_ID": [],
			"Current_Consumer": "102*500",
			"Discount": "",
			"Grad_Price": 0,
			"ID": 302,
			"Item_Icon": "item_icon_101_2",
			"Item_Info": "101*10000",
			"Item_Name": 3001512,
			"Order": 2,
			"Original_Consumer": "",
			"Person_Limit": 0,
			"Product_ID": "",
			"ShopID": 3
		},
		{
			"Conditional_ID": [],
			"Current_Consumer": "102*4500",
			"Discount": "",
			"Grad_Price": 0,
			"ID": 303,
			"Item_Icon": "item_icon_101_3",
			"Item_Info": "101*100000",
			"Item_Name": 3001513,
			"Order": 3,
			"Original_Consumer": "",
			"Person_Limit": 0,
			"Product_ID": "",
			"ShopID": 3
		},
		{
			"Conditional_ID": [],
			"Current_Consumer": "151*200",
			"Discount": "",
			"Grad_Price": 0,
			"ID": 401,
			"Item_Icon": "item_icon_102_1",
			"Item_Info": "102*80",
			"Item_Name": 3001521,
			"Order": 1,
			"Original_Consumer": "",
			"Person_Limit": 0,
			"Product_ID": "1001",
			"ShopID": 4
		},
		{
			"Conditional_ID": [],
			"Current_Consumer": "151*1000",
			"Discount": "",
			"Grad_Price": 0,
			"ID": 402,
			"Item_Icon": "item_icon_102_2",
			"Item_Info": "102*500",
			"Item_Name": 3001522,
			"Order": 2,
			"Original_Consumer": "",
			"Person_Limit": 0,
			"Product_ID": "1001",
			"ShopID": 4
		},
		{
			"Conditional_ID": [],
			"Current_Consumer": "151*2267",
			"Discount": "",
			"Grad_Price": 0,
			"ID": 403,
			"Item_Icon": "item_icon_102_3",
			"Item_Info": "102*1200",
			"Item_Name": 3001523,
			"Order": 3,
			"Original_Consumer": "",
			"Person_Limit": 0,
			"Product_ID": "1001",
			"ShopID": 4
		},
		{
			"Conditional_ID": [],
			"Current_Consumer": "151*4270",
			"Discount": "",
			"Grad_Price": 0,
			"ID": 404,
			"Item_Icon": "item_icon_102_4",
			"Item_Info": "102*2500",
			"Item_Name": 3001524,
			"Order": 4,
			"Original_Consumer": "",
			"Person_Limit": 0,
			"Product_ID": "1001",
			"ShopID": 4
		},
		{
			"Conditional_ID": [],
			"Current_Consumer": "151*10940",
			"Discount": "",
			"Grad_Price": 0,
			"ID": 405,
			"Item_Icon": "item_icon_102_5",
			"Item_Info": "102*6500",
			"Item_Name": 3001525,
			"Order": 5,
			"Original_Consumer": "",
			"Person_Limit": 0,
			"Product_ID": "1001",
			"ShopID": 4
		},
		{
			"Conditional_ID": [],
			"Current_Consumer": "151*21600",
			"Discount": "",
			"Grad_Price": 0,
			"ID": 406,
			"Item_Icon": "item_icon_102_6",
			"Item_Info": "102*14000",
			"Item_Name": 3001526,
			"Order": 6,
			"Original_Consumer": "",
			"Person_Limit": 0,
			"Product_ID": "1001",
			"ShopID": 4
		},
		{
			"Conditional_ID": [
				1
			],
			"Current_Consumer": "102*250",
			"Discount": "",
			"Grad_Price": 0,
			"ID": 501,
			"Item_Icon": "",
			"Item_Info": "1401*1",
			"Item_Name": 0,
			"Order": 1,
			"Original_Consumer": "",
			"Person_Limit": 10,
			"Product_ID": "",
			"ShopID": 5
		},
		{
			"Conditional_ID": [
				2
			],
			"Current_Consumer": "102*250",
			"Discount": "",
			"Grad_Price": 0,
			"ID": 502,
			"Item_Icon": "",
			"Item_Info": "1402*1",
			"Item_Name": 0,
			"Order": 1,
			"Original_Consumer": "",
			"Person_Limit": 10,
			"Product_ID": "",
			"ShopID": 5
		},
		{
			"Conditional_ID": [
				3
			],
			"Current_Consumer": "102*250",
			"Discount": "",
			"Grad_Price": 0,
			"ID": 503,
			"Item_Icon": "",
			"Item_Info": "1403*1",
			"Item_Name": 0,
			"Order": 1,
			"Original_Consumer": "",
			"Person_Limit": 10,
			"Product_ID": "",
			"ShopID": 5
		},
		{
			"Conditional_ID": [
				4
			],
			"Current_Consumer": "102*250",
			"Discount": "",
			"Grad_Price": 0,
			"ID": 504,
			"Item_Icon": "",
			"Item_Info": "1404*1",
			"Item_Name": 0,
			"Order": 1,
			"Original_Consumer": "",
			"Person_Limit": 10,
			"Product_ID": "",
			"ShopID": 5
		},
		{
			"Conditional_ID": [
				5
			],
			"Current_Consumer": "102*250",
			"Discount": "",
			"Grad_Price": 0,
			"ID": 505,
			"Item_Icon": "",
			"Item_Info": "1405*1",
			"Item_Name": 0,
			"Order": 1,
			"Original_Consumer": "",
			"Person_Limit": 10,
			"Product_ID": "",
			"ShopID": 5
		},
		{
			"Conditional_ID": [
				6
			],
			"Current_Consumer": "102*250",
			"Discount": "",
			"Grad_Price": 0,
			"ID": 506,
			"Item_Icon": "",
			"Item_Info": "1406*1",
			"Item_Name": 0,
			"Order": 1,
			"Original_Consumer": "",
			"Person_Limit": 10,
			"Product_ID": "",
			"ShopID": 5
		},
		{
			"Conditional_ID": [
				7
			],
			"Current_Consumer": "102*250",
			"Discount": "",
			"Grad_Price": 0,
			"ID": 507,
			"Item_Icon": "",
			"Item_Info": "1407*1",
			"Item_Name": 0,
			"Order": 1,
			"Original_Consumer": "",
			"Person_Limit": 10,
			"Product_ID": "",
			"ShopID": 5
		},
		{
			"Conditional_ID": [
				8
			],
			"Current_Consumer": "102*250",
			"Discount": "",
			"Grad_Price": 0,
			"ID": 508,
			"Item_Icon": "",
			"Item_Info": "1408*1",
			"Item_Name": 0,
			"Order": 1,
			"Original_Consumer": "",
			"Person_Limit": 10,
			"Product_ID": "",
			"ShopID": 5
		},
		{
			"Conditional_ID": [
				9
			],
			"Current_Consumer": "102*250",
			"Discount": "",
			"Grad_Price": 0,
			"ID": 509,
			"Item_Icon": "",
			"Item_Info": "1409*1",
			"Item_Name": 0,
			"Order": 1,
			"Original_Consumer": "",
			"Person_Limit": 10,
			"Product_ID": "",
			"ShopID": 5
		},
		{
			"Conditional_ID": [
				10
			],
			"Current_Consumer": "102*250",
			"Discount": "",
			"Grad_Price": 0,
			"ID": 510,
			"Item_Icon": "",
			"Item_Info": "1410*1",
			"Item_Name": 0,
			"Order": 1,
			"Original_Consumer": "",
			"Person_Limit": 10,
			"Product_ID": "",
			"ShopID": 5
		},
		{
			"Conditional_ID": [
				1
			],
			"Current_Consumer": "102*750",
			"Discount": "",
			"Grad_Price": 0,
			"ID": 511,
			"Item_Icon": "",
			"Item_Info": "1421*1",
			"Item_Name": 0,
			"Order": 2,
			"Original_Consumer": "",
			"Person_Limit": 10,
			"Product_ID": "",
			"ShopID": 5
		},
		{
			"Conditional_ID": [
				2
			],
			"Current_Consumer": "102*750",
			"Discount": "",
			"Grad_Price": 0,
			"ID": 512,
			"Item_Icon": "",
			"Item_Info": "1422*1",
			"Item_Name": 0,
			"Order": 2,
			"Original_Consumer": "",
			"Person_Limit": 10,
			"Product_ID": "",
			"ShopID": 5
		},
		{
			"Conditional_ID": [
				3
			],
			"Current_Consumer": "102*750",
			"Discount": "",
			"Grad_Price": 0,
			"ID": 513,
			"Item_Icon": "",
			"Item_Info": "1423*1",
			"Item_Name": 0,
			"Order": 2,
			"Original_Consumer": "",
			"Person_Limit": 10,
			"Product_ID": "",
			"ShopID": 5
		},
		{
			"Conditional_ID": [
				4
			],
			"Current_Consumer": "102*750",
			"Discount": "",
			"Grad_Price": 0,
			"ID": 514,
			"Item_Icon": "",
			"Item_Info": "1424*1",
			"Item_Name": 0,
			"Order": 2,
			"Original_Consumer": "",
			"Person_Limit": 10,
			"Product_ID": "",
			"ShopID": 5
		},
		{
			"Conditional_ID": [
				5
			],
			"Current_Consumer": "102*750",
			"Discount": "",
			"Grad_Price": 0,
			"ID": 515,
			"Item_Icon": "",
			"Item_Info": "1425*1",
			"Item_Name": 0,
			"Order": 2,
			"Original_Consumer": "",
			"Person_Limit": 10,
			"Product_ID": "",
			"ShopID": 5
		},
		{
			"Conditional_ID": [
				6
			],
			"Current_Consumer": "102*750",
			"Discount": "",
			"Grad_Price": 0,
			"ID": 516,
			"Item_Icon": "",
			"Item_Info": "1426*1",
			"Item_Name": 0,
			"Order": 2,
			"Original_Consumer": "",
			"Person_Limit": 10,
			"Product_ID": "",
			"ShopID": 5
		},
		{
			"Conditional_ID": [
				7
			],
			"Current_Consumer": "102*750",
			"Discount": "",
			"Grad_Price": 0,
			"ID": 517,
			"Item_Icon": "",
			"Item_Info": "1427*1",
			"Item_Name": 0,
			"Order": 2,
			"Original_Consumer": "",
			"Person_Limit": 10,
			"Product_ID": "",
			"ShopID": 5
		},
		{
			"Conditional_ID": [
				8
			],
			"Current_Consumer": "102*750",
			"Discount": "",
			"Grad_Price": 0,
			"ID": 518,
			"Item_Icon": "",
			"Item_Info": "1428*1",
			"Item_Name": 0,
			"Order": 2,
			"Original_Consumer": "",
			"Person_Limit": 10,
			"Product_ID": "",
			"ShopID": 5
		},
		{
			"Conditional_ID": [
				9
			],
			"Current_Consumer": "102*750",
			"Discount": "",
			"Grad_Price": 0,
			"ID": 519,
			"Item_Icon": "",
			"Item_Info": "1429*1",
			"Item_Name": 0,
			"Order": 2,
			"Original_Consumer": "",
			"Person_Limit": 10,
			"Product_ID": "",
			"ShopID": 5
		},
		{
			"Conditional_ID": [
				10
			],
			"Current_Consumer": "102*750",
			"Discount": "",
			"Grad_Price": 0,
			"ID": 520,
			"Item_Icon": "",
			"Item_Info": "1430*1",
			"Item_Name": 0,
			"Order": 2,
			"Original_Consumer": "",
			"Person_Limit": 10,
			"Product_ID": "",
			"ShopID": 5
		},
		{
			"Conditional_ID": [
				1
			],
			"Current_Consumer": "102*2500",
			"Discount": "",
			"Grad_Price": 0,
			"ID": 521,
			"Item_Icon": "",
			"Item_Info": "1441*1",
			"Item_Name": 0,
			"Order": 3,
			"Original_Consumer": "",
			"Person_Limit": 10,
			"Product_ID": "",
			"ShopID": 5
		},
		{
			"Conditional_ID": [
				2
			],
			"Current_Consumer": "102*2500",
			"Discount": "",
			"Grad_Price": 0,
			"ID": 522,
			"Item_Icon": "",
			"Item_Info": "1442*1",
			"Item_Name": 0,
			"Order": 3,
			"Original_Consumer": "",
			"Person_Limit": 10,
			"Product_ID": "",
			"ShopID": 5
		},
		{
			"Conditional_ID": [
				3
			],
			"Current_Consumer": "102*2500",
			"Discount": "",
			"Grad_Price": 0,
			"ID": 523,
			"Item_Icon": "",
			"Item_Info": "1443*1",
			"Item_Name": 0,
			"Order": 3,
			"Original_Consumer": "",
			"Person_Limit": 10,
			"Product_ID": "",
			"ShopID": 5
		},
		{
			"Conditional_ID": [
				4
			],
			"Current_Consumer": "102*2500",
			"Discount": "",
			"Grad_Price": 0,
			"ID": 524,
			"Item_Icon": "",
			"Item_Info": "1444*1",
			"Item_Name": 0,
			"Order": 3,
			"Original_Consumer": "",
			"Person_Limit": 10,
			"Product_ID": "",
			"ShopID": 5
		},
		{
			"Conditional_ID": [
				5
			],
			"Current_Consumer": "102*2500",
			"Discount": "",
			"Grad_Price": 0,
			"ID": 525,
			"Item_Icon": "",
			"Item_Info": "1445*1",
			"Item_Name": 0,
			"Order": 3,
			"Original_Consumer": "",
			"Person_Limit": 10,
			"Product_ID": "",
			"ShopID": 5
		},
		{
			"Conditional_ID": [
				6
			],
			"Current_Consumer": "102*2500",
			"Discount": "",
			"Grad_Price": 0,
			"ID": 526,
			"Item_Icon": "",
			"Item_Info": "1446*1",
			"Item_Name": 0,
			"Order": 3,
			"Original_Consumer": "",
			"Person_Limit": 10,
			"Product_ID": "",
			"ShopID": 5
		},
		{
			"Conditional_ID": [
				7
			],
			"Current_Consumer": "102*2500",
			"Discount": "",
			"Grad_Price": 0,
			"ID": 527,
			"Item_Icon": "",
			"Item_Info": "1447*1",
			"Item_Name": 0,
			"Order": 3,
			"Original_Consumer": "",
			"Person_Limit": 10,
			"Product_ID": "",
			"ShopID": 5
		},
		{
			"Conditional_ID": [
				8
			],
			"Current_Consumer": "102*2500",
			"Discount": "",
			"Grad_Price": 0,
			"ID": 528,
			"Item_Icon": "",
			"Item_Info": "1448*1",
			"Item_Name": 0,
			"Order": 3,
			"Original_Consumer": "",
			"Person_Limit": 10,
			"Product_ID": "",
			"ShopID": 5
		},
		{
			"Conditional_ID": [
				9
			],
			"Current_Consumer": "102*2500",
			"Discount": "",
			"Grad_Price": 0,
			"ID": 529,
			"Item_Icon": "",
			"Item_Info": "1449*1",
			"Item_Name": 0,
			"Order": 3,
			"Original_Consumer": "",
			"Person_Limit": 10,
			"Product_ID": "",
			"ShopID": 5
		},
		{
			"Conditional_ID": [
				10
			],
			"Current_Consumer": "102*2500",
			"Discount": "",
			"Grad_Price": 0,
			"ID": 530,
			"Item_Icon": "",
			"Item_Info": "1450*1",
			"Item_Name": 0,
			"Order": 3,
			"Original_Consumer": "",
			"Person_Limit": 10,
			"Product_ID": "",
			"ShopID": 5
		}
	]
}