{
	"@Tool": "github.com/davyxu/tabtoy",
	"@Version": "",
	"SignRewardData": [
		{
			"SignDay": 1,
			"SignReward": [
				"101*7400"
			]
		},
		{
			"SignDay": 2,
			"SignReward": [
				"201*140"
			]
		},
		{
			"SignDay": 3,
			"SignReward": [
				"202*140"
			]
		},
		{
			"SignDay": 4,
			"SignReward": [
				"203*140"
			]
		},
		{
			"SignDay": 5,
			"SignReward": [
				"5002*42"
			]
		},
		{
			"SignDay": 6,
			"SignReward": [
				"204*140"
			]
		},
		{
			"SignDay": 7,
			"SignReward": [
				"205*140"
			]
		},
		{
			"SignDay": 8,
			"SignReward": [
				"101*3700"
			]
		},
		{
			"SignDay": 9,
			"SignReward": [
				"201*70"
			]
		},
		{
			"SignDay": 10,
			"SignReward": [
				"202*70"
			]
		},
		{
			"SignDay": 11,
			"SignReward": [
				"203*70"
			]
		},
		{
			"SignDay": 12,
			"SignReward": [
				"5002*21"
			]
		},
		{
			"SignDay": 13,
			"SignReward": [
				"204*70"
			]
		},
		{
			"SignDay": 14,
			"SignReward": [
				"205*70"
			]
		},
		{
			"SignDay": 15,
			"SignReward": [
				"101*3700"
			]
		},
		{
			"SignDay": 16,
			"SignReward": [
				"201*70"
			]
		},
		{
			"SignDay": 17,
			"SignReward": [
				"202*70"
			]
		},
		{
			"SignDay": 18,
			"SignReward": [
				"203*70"
			]
		},
		{
			"SignDay": 19,
			"SignReward": [
				"5002*21"
			]
		},
		{
			"SignDay": 20,
			"SignReward": [
				"204*70"
			]
		},
		{
			"SignDay": 21,
			"SignReward": [
				"205*70"
			]
		},
		{
			"SignDay": 22,
			"SignReward": [
				"101*7400"
			]
		},
		{
			"SignDay": 23,
			"SignReward": [
				"201*140"
			]
		},
		{
			"SignDay": 24,
			"SignReward": [
				"202*140"
			]
		},
		{
			"SignDay": 25,
			"SignReward": [
				"203*140"
			]
		},
		{
			"SignDay": 26,
			"SignReward": [
				"5002*42"
			]
		},
		{
			"SignDay": 27,
			"SignReward": [
				"204*140"
			]
		},
		{
			"SignDay": 28,
			"SignReward": [
				"205*140"
			]
		}
	]
}