{
	"@Tool": "github.com/davyxu/tabtoy",
	"@Version": "",
	"SkillData": [
		{
			"Condition": "0",
			"ConditionParam": "0",
			"DescId": 4001011,
			"EffectId": [
				101101
			],
			"EffectTimeline": [
				0
			],
			"HeroLvl": 1,
			"Id": 1,
			"IntervalCD": 0,
			"IsInitiative": 1,
			"Level": 1,
			"NameId": 3001011,
			"SkillIcon": "SkillIcon001",
			"SkillId": 1011,
			"SkillTotalTime": 2000,
			"SkillType": 1,
			"StartCD": 0,
			"blackMaskTime": 0
		},
		{
			"Condition": "0",
			"ConditionParam": "0",
			"DescId": 4001021,
			"EffectId": [
				102101
			],
			"EffectTimeline": [
				0
			],
			"HeroLvl": 1,
			"Id": 2,
			"IntervalCD": 0,
			"IsInitiative": 1,
			"Level": 1,
			"NameId": 3001021,
			"SkillIcon": "SkillIcon001",
			"SkillId": 1021,
			"SkillTotalTime": 2000,
			"SkillType": 1,
			"StartCD": 0,
			"blackMaskTime": 0
		},
		{
			"Condition": "0",
			"ConditionParam": "0",
			"DescId": 4001031,
			"EffectId": [
				103101
			],
			"EffectTimeline": [
				0
			],
			"HeroLvl": 1,
			"Id": 3,
			"IntervalCD": 0,
			"IsInitiative": 1,
			"Level": 1,
			"NameId": 3001031,
			"SkillIcon": "SkillIcon001",
			"SkillId": 1031,
			"SkillTotalTime": 2000,
			"SkillType": 1,
			"StartCD": 0,
			"blackMaskTime": 0
		},
		{
			"Condition": "0",
			"ConditionParam": "0",
			"DescId": 4001041,
			"EffectId": [
				104101
			],
			"EffectTimeline": [
				0
			],
			"HeroLvl": 1,
			"Id": 4,
			"IntervalCD": 0,
			"IsInitiative": 1,
			"Level": 1,
			"NameId": 3001041,
			"SkillIcon": "SkillIcon001",
			"SkillId": 1041,
			"SkillTotalTime": 2000,
			"SkillType": 1,
			"StartCD": 0,
			"blackMaskTime": 0
		},
		{
			"Condition": "0",
			"ConditionParam": "0",
			"DescId": 4001051,
			"EffectId": [
				105101
			],
			"EffectTimeline": [
				0
			],
			"HeroLvl": 1,
			"Id": 5,
			"IntervalCD": 0,
			"IsInitiative": 1,
			"Level": 1,
			"NameId": 3001051,
			"SkillIcon": "SkillIcon001",
			"SkillId": 1051,
			"SkillTotalTime": 2000,
			"SkillType": 1,
			"StartCD": 0,
			"blackMaskTime": 0
		},
		{
			"Condition": "0",
			"ConditionParam": "0",
			"DescId": 4001061,
			"EffectId": [
				106101
			],
			"EffectTimeline": [
				0
			],
			"HeroLvl": 1,
			"Id": 6,
			"IntervalCD": 0,
			"IsInitiative": 1,
			"Level": 1,
			"NameId": 3001061,
			"SkillIcon": "SkillIcon001",
			"SkillId": 1061,
			"SkillTotalTime": 2000,
			"SkillType": 1,
			"StartCD": 0,
			"blackMaskTime": 0
		},
		{
			"Condition": "0",
			"ConditionParam": "0",
			"DescId": 4001071,
			"EffectId": [
				107101
			],
			"EffectTimeline": [
				0
			],
			"HeroLvl": 1,
			"Id": 7,
			"IntervalCD": 0,
			"IsInitiative": 1,
			"Level": 1,
			"NameId": 3001071,
			"SkillIcon": "SkillIcon001",
			"SkillId": 1071,
			"SkillTotalTime": 2000,
			"SkillType": 1,
			"StartCD": 0,
			"blackMaskTime": 0
		},
		{
			"Condition": "0",
			"ConditionParam": "0",
			"DescId": 4001081,
			"EffectId": [
				108101
			],
			"EffectTimeline": [
				0
			],
			"HeroLvl": 1,
			"Id": 8,
			"IntervalCD": 0,
			"IsInitiative": 1,
			"Level": 1,
			"NameId": 3001081,
			"SkillIcon": "SkillIcon001",
			"SkillId": 1081,
			"SkillTotalTime": 2000,
			"SkillType": 1,
			"StartCD": 0,
			"blackMaskTime": 0
		},
		{
			"Condition": "0",
			"ConditionParam": "0",
			"DescId": 4001091,
			"EffectId": [
				109101
			],
			"EffectTimeline": [
				0
			],
			"HeroLvl": 1,
			"Id": 9,
			"IntervalCD": 0,
			"IsInitiative": 1,
			"Level": 1,
			"NameId": 3001091,
			"SkillIcon": "SkillIcon001",
			"SkillId": 1091,
			"SkillTotalTime": 2000,
			"SkillType": 1,
			"StartCD": 0,
			"blackMaskTime": 0
		},
		{
			"Condition": "0",
			"ConditionParam": "0",
			"DescId": 4001101,
			"EffectId": [
				110101
			],
			"EffectTimeline": [
				0
			],
			"HeroLvl": 1,
			"Id": 10,
			"IntervalCD": 0,
			"IsInitiative": 1,
			"Level": 1,
			"NameId": 3001101,
			"SkillIcon": "SkillIcon001",
			"SkillId": 1101,
			"SkillTotalTime": 1500,
			"SkillType": 1,
			"StartCD": 0,
			"blackMaskTime": 0
		},
		{
			"Condition": "0",
			"ConditionParam": "0",
			"DescId": 4001111,
			"EffectId": [
				111101
			],
			"EffectTimeline": [
				0
			],
			"HeroLvl": 1,
			"Id": 11,
			"IntervalCD": 0,
			"IsInitiative": 1,
			"Level": 1,
			"NameId": 3001111,
			"SkillIcon": "SkillIcon001",
			"SkillId": 1111,
			"SkillTotalTime": 1500,
			"SkillType": 1,
			"StartCD": 0,
			"blackMaskTime": 0
		},
		{
			"Condition": "0",
			"ConditionParam": "0",
			"DescId": 4001121,
			"EffectId": [
				112101
			],
			"EffectTimeline": [
				0
			],
			"HeroLvl": 1,
			"Id": 12,
			"IntervalCD": 0,
			"IsInitiative": 1,
			"Level": 1,
			"NameId": 3001121,
			"SkillIcon": "SkillIcon001",
			"SkillId": 1121,
			"SkillTotalTime": 1500,
			"SkillType": 1,
			"StartCD": 0,
			"blackMaskTime": 0
		},
		{
			"Condition": "0",
			"ConditionParam": "0",
			"DescId": 4001131,
			"EffectId": [
				113101
			],
			"EffectTimeline": [
				0
			],
			"HeroLvl": 1,
			"Id": 13,
			"IntervalCD": 0,
			"IsInitiative": 1,
			"Level": 1,
			"NameId": 3001131,
			"SkillIcon": "SkillIcon001",
			"SkillId": 1131,
			"SkillTotalTime": 1500,
			"SkillType": 1,
			"StartCD": 0,
			"blackMaskTime": 0
		},
		{
			"Condition": "0",
			"ConditionParam": "0",
			"DescId": 4001141,
			"EffectId": [
				114101
			],
			"EffectTimeline": [
				0
			],
			"HeroLvl": 1,
			"Id": 14,
			"IntervalCD": 0,
			"IsInitiative": 1,
			"Level": 1,
			"NameId": 3001141,
			"SkillIcon": "SkillIcon001",
			"SkillId": 1141,
			"SkillTotalTime": 1500,
			"SkillType": 1,
			"StartCD": 0,
			"blackMaskTime": 0
		},
		{
			"Condition": "0",
			"ConditionParam": "0",
			"DescId": 4001151,
			"EffectId": [
				115101
			],
			"EffectTimeline": [
				0
			],
			"HeroLvl": 1,
			"Id": 15,
			"IntervalCD": 0,
			"IsInitiative": 1,
			"Level": 1,
			"NameId": 3001151,
			"SkillIcon": "SkillIcon001",
			"SkillId": 1151,
			"SkillTotalTime": 1500,
			"SkillType": 1,
			"StartCD": 0,
			"blackMaskTime": 0
		},
		{
			"Condition": "0",
			"ConditionParam": "0",
			"DescId": 4001161,
			"EffectId": [
				116101
			],
			"EffectTimeline": [
				0
			],
			"HeroLvl": 1,
			"Id": 16,
			"IntervalCD": 0,
			"IsInitiative": 1,
			"Level": 1,
			"NameId": 3001161,
			"SkillIcon": "SkillIcon001",
			"SkillId": 1161,
			"SkillTotalTime": 1500,
			"SkillType": 1,
			"StartCD": 0,
			"blackMaskTime": 0
		},
		{
			"Condition": "0",
			"ConditionParam": "0",
			"DescId": 4001171,
			"EffectId": [
				117101
			],
			"EffectTimeline": [
				0
			],
			"HeroLvl": 1,
			"Id": 17,
			"IntervalCD": 0,
			"IsInitiative": 1,
			"Level": 1,
			"NameId": 3001171,
			"SkillIcon": "SkillIcon001",
			"SkillId": 1171,
			"SkillTotalTime": 1500,
			"SkillType": 1,
			"StartCD": 0,
			"blackMaskTime": 0
		},
		{
			"Condition": "0",
			"ConditionParam": "0",
			"DescId": 4001181,
			"EffectId": [
				118101
			],
			"EffectTimeline": [
				0
			],
			"HeroLvl": 1,
			"Id": 18,
			"IntervalCD": 0,
			"IsInitiative": 1,
			"Level": 1,
			"NameId": 3001181,
			"SkillIcon": "SkillIcon001",
			"SkillId": 1181,
			"SkillTotalTime": 1500,
			"SkillType": 1,
			"StartCD": 0,
			"blackMaskTime": 0
		},
		{
			"Condition": "0",
			"ConditionParam": "0",
			"DescId": 4001191,
			"EffectId": [
				119101
			],
			"EffectTimeline": [
				0
			],
			"HeroLvl": 1,
			"Id": 19,
			"IntervalCD": 0,
			"IsInitiative": 1,
			"Level": 1,
			"NameId": 3001191,
			"SkillIcon": "SkillIcon001",
			"SkillId": 1191,
			"SkillTotalTime": 1500,
			"SkillType": 1,
			"StartCD": 0,
			"blackMaskTime": 0
		},
		{
			"Condition": "0",
			"ConditionParam": "0",
			"DescId": 4001201,
			"EffectId": [
				120101
			],
			"EffectTimeline": [
				0
			],
			"HeroLvl": 1,
			"Id": 20,
			"IntervalCD": 0,
			"IsInitiative": 1,
			"Level": 1,
			"NameId": 3001201,
			"SkillIcon": "SkillIcon001",
			"SkillId": 1201,
			"SkillTotalTime": 1500,
			"SkillType": 1,
			"StartCD": 0,
			"blackMaskTime": 0
		},
		{
			"Condition": "0",
			"ConditionParam": "0",
			"DescId": 4001211,
			"EffectId": [
				121101
			],
			"EffectTimeline": [
				0
			],
			"HeroLvl": 1,
			"Id": 21,
			"IntervalCD": 0,
			"IsInitiative": 1,
			"Level": 1,
			"NameId": 3001211,
			"SkillIcon": "SkillIcon001",
			"SkillId": 1211,
			"SkillTotalTime": 1500,
			"SkillType": 1,
			"StartCD": 0,
			"blackMaskTime": 0
		},
		{
			"Condition": "0",
			"ConditionParam": "0",
			"DescId": 4001221,
			"EffectId": [
				122101
			],
			"EffectTimeline": [
				0
			],
			"HeroLvl": 1,
			"Id": 22,
			"IntervalCD": 0,
			"IsInitiative": 1,
			"Level": 1,
			"NameId": 3001221,
			"SkillIcon": "SkillIcon001",
			"SkillId": 1221,
			"SkillTotalTime": 1500,
			"SkillType": 1,
			"StartCD": 0,
			"blackMaskTime": 0
		},
		{
			"Condition": "0",
			"ConditionParam": "0",
			"DescId": 4001231,
			"EffectId": [
				123101
			],
			"EffectTimeline": [
				0
			],
			"HeroLvl": 1,
			"Id": 23,
			"IntervalCD": 0,
			"IsInitiative": 1,
			"Level": 1,
			"NameId": 3001231,
			"SkillIcon": "SkillIcon001",
			"SkillId": 1231,
			"SkillTotalTime": 1500,
			"SkillType": 1,
			"StartCD": 0,
			"blackMaskTime": 0
		},
		{
			"Condition": "0",
			"ConditionParam": "0",
			"DescId": 4001241,
			"EffectId": [
				124101
			],
			"EffectTimeline": [
				0
			],
			"HeroLvl": 1,
			"Id": 24,
			"IntervalCD": 0,
			"IsInitiative": 1,
			"Level": 1,
			"NameId": 3001241,
			"SkillIcon": "SkillIcon001",
			"SkillId": 1241,
			"SkillTotalTime": 1500,
			"SkillType": 1,
			"StartCD": 0,
			"blackMaskTime": 0
		},
		{
			"Condition": "0",
			"ConditionParam": "0",
			"DescId": 4001251,
			"EffectId": [
				125101
			],
			"EffectTimeline": [
				0
			],
			"HeroLvl": 1,
			"Id": 25,
			"IntervalCD": 0,
			"IsInitiative": 1,
			"Level": 1,
			"NameId": 3001251,
			"SkillIcon": "SkillIcon001",
			"SkillId": 1251,
			"SkillTotalTime": 1500,
			"SkillType": 1,
			"StartCD": 0,
			"blackMaskTime": 0
		},
		{
			"Condition": "0",
			"ConditionParam": "0",
			"DescId": 4001261,
			"EffectId": [
				126101
			],
			"EffectTimeline": [
				0
			],
			"HeroLvl": 1,
			"Id": 26,
			"IntervalCD": 0,
			"IsInitiative": 1,
			"Level": 1,
			"NameId": 3001261,
			"SkillIcon": "SkillIcon001",
			"SkillId": 1261,
			"SkillTotalTime": 1500,
			"SkillType": 1,
			"StartCD": 0,
			"blackMaskTime": 0
		},
		{
			"Condition": "0",
			"ConditionParam": "0",
			"DescId": 4001271,
			"EffectId": [
				127101
			],
			"EffectTimeline": [
				0
			],
			"HeroLvl": 1,
			"Id": 27,
			"IntervalCD": 0,
			"IsInitiative": 1,
			"Level": 1,
			"NameId": 3001271,
			"SkillIcon": "SkillIcon001",
			"SkillId": 1271,
			"SkillTotalTime": 1500,
			"SkillType": 1,
			"StartCD": 0,
			"blackMaskTime": 0
		},
		{
			"Condition": "0",
			"ConditionParam": "0",
			"DescId": 4001281,
			"EffectId": [
				128101
			],
			"EffectTimeline": [
				0
			],
			"HeroLvl": 1,
			"Id": 28,
			"IntervalCD": 0,
			"IsInitiative": 1,
			"Level": 1,
			"NameId": 3001281,
			"SkillIcon": "SkillIcon001",
			"SkillId": 1281,
			"SkillTotalTime": 1500,
			"SkillType": 1,
			"StartCD": 0,
			"blackMaskTime": 0
		},
		{
			"Condition": "0",
			"ConditionParam": "0",
			"DescId": 4001291,
			"EffectId": [
				129101
			],
			"EffectTimeline": [
				0
			],
			"HeroLvl": 1,
			"Id": 29,
			"IntervalCD": 0,
			"IsInitiative": 1,
			"Level": 1,
			"NameId": 3001291,
			"SkillIcon": "SkillIcon001",
			"SkillId": 1291,
			"SkillTotalTime": 1500,
			"SkillType": 1,
			"StartCD": 0,
			"blackMaskTime": 0
		},
		{
			"Condition": "0",
			"ConditionParam": "0",
			"DescId": 4001301,
			"EffectId": [
				130101
			],
			"EffectTimeline": [
				0
			],
			"HeroLvl": 1,
			"Id": 30,
			"IntervalCD": 0,
			"IsInitiative": 1,
			"Level": 1,
			"NameId": 3001301,
			"SkillIcon": "SkillIcon001",
			"SkillId": 1301,
			"SkillTotalTime": 1500,
			"SkillType": 1,
			"StartCD": 0,
			"blackMaskTime": 0
		},
		{
			"Condition": "0",
			"ConditionParam": "0",
			"DescId": 4001311,
			"EffectId": [
				131101
			],
			"EffectTimeline": [
				0
			],
			"HeroLvl": 1,
			"Id": 31,
			"IntervalCD": 0,
			"IsInitiative": 1,
			"Level": 1,
			"NameId": 3001311,
			"SkillIcon": "SkillIcon001",
			"SkillId": 1311,
			"SkillTotalTime": 1500,
			"SkillType": 1,
			"StartCD": 0,
			"blackMaskTime": 0
		},
		{
			"Condition": "0",
			"ConditionParam": "0",
			"DescId": 4001321,
			"EffectId": [
				132101
			],
			"EffectTimeline": [
				0
			],
			"HeroLvl": 1,
			"Id": 32,
			"IntervalCD": 0,
			"IsInitiative": 1,
			"Level": 1,
			"NameId": 3001321,
			"SkillIcon": "SkillIcon001",
			"SkillId": 1321,
			"SkillTotalTime": 1500,
			"SkillType": 1,
			"StartCD": 0,
			"blackMaskTime": 0
		},
		{
			"Condition": "0",
			"ConditionParam": "0",
			"DescId": 4001331,
			"EffectId": [
				133101
			],
			"EffectTimeline": [
				0
			],
			"HeroLvl": 1,
			"Id": 33,
			"IntervalCD": 0,
			"IsInitiative": 1,
			"Level": 1,
			"NameId": 3001331,
			"SkillIcon": "SkillIcon001",
			"SkillId": 1331,
			"SkillTotalTime": 1500,
			"SkillType": 1,
			"StartCD": 0,
			"blackMaskTime": 0
		},
		{
			"Condition": "0",
			"ConditionParam": "0",
			"DescId": 4001341,
			"EffectId": [
				134101
			],
			"EffectTimeline": [
				0
			],
			"HeroLvl": 1,
			"Id": 34,
			"IntervalCD": 0,
			"IsInitiative": 1,
			"Level": 1,
			"NameId": 3001341,
			"SkillIcon": "SkillIcon001",
			"SkillId": 1341,
			"SkillTotalTime": 1500,
			"SkillType": 1,
			"StartCD": 0,
			"blackMaskTime": 0
		},
		{
			"Condition": "0",
			"ConditionParam": "0",
			"DescId": 4001351,
			"EffectId": [
				135101
			],
			"EffectTimeline": [
				0
			],
			"HeroLvl": 1,
			"Id": 35,
			"IntervalCD": 0,
			"IsInitiative": 1,
			"Level": 1,
			"NameId": 3001351,
			"SkillIcon": "SkillIcon001",
			"SkillId": 1351,
			"SkillTotalTime": 1500,
			"SkillType": 1,
			"StartCD": 0,
			"blackMaskTime": 0
		},
		{
			"Condition": "0",
			"ConditionParam": "0",
			"DescId": 4001361,
			"EffectId": [
				136101
			],
			"EffectTimeline": [
				0
			],
			"HeroLvl": 1,
			"Id": 36,
			"IntervalCD": 0,
			"IsInitiative": 1,
			"Level": 1,
			"NameId": 3001361,
			"SkillIcon": "SkillIcon001",
			"SkillId": 1361,
			"SkillTotalTime": 1500,
			"SkillType": 1,
			"StartCD": 0,
			"blackMaskTime": 0
		},
		{
			"Condition": "0",
			"ConditionParam": "0",
			"DescId": 4001012,
			"EffectId": [
				101201
			],
			"EffectTimeline": [
				0
			],
			"HeroLvl": 1,
			"Id": 37,
			"IntervalCD": 0,
			"IsInitiative": 1,
			"Level": 1,
			"NameId": 3001012,
			"SkillIcon": "youxia_bskill_01",
			"SkillId": 1012,
			"SkillTotalTime": 4000,
			"SkillType": 2,
			"StartCD": 0,
			"blackMaskTime": 2000
		},
		{
			"Condition": "0",
			"ConditionParam": "0",
			"DescId": 4001022,
			"EffectId": [
				102201
			],
			"EffectTimeline": [
				0
			],
			"HeroLvl": 1,
			"Id": 38,
			"IntervalCD": 0,
			"IsInitiative": 1,
			"Level": 1,
			"NameId": 3001022,
			"SkillIcon": "mushi_bskill_01",
			"SkillId": 1022,
			"SkillTotalTime": 4000,
			"SkillType": 2,
			"StartCD": 0,
			"blackMaskTime": 2000
		},
		{
			"Condition": "0",
			"ConditionParam": "0",
			"DescId": 4001032,
			"EffectId": [
				103201
			],
			"EffectTimeline": [
				0
			],
			"HeroLvl": 1,
			"Id": 39,
			"IntervalCD": 0,
			"IsInitiative": 1,
			"Level": 1,
			"NameId": 3001032,
			"SkillIcon": "mushi_bskill_02",
			"SkillId": 1032,
			"SkillTotalTime": 4000,
			"SkillType": 2,
			"StartCD": 0,
			"blackMaskTime": 2000
		},
		{
			"Condition": "0",
			"ConditionParam": "0",
			"DescId": 4001042,
			"EffectId": [
				104201
			],
			"EffectTimeline": [
				0
			],
			"HeroLvl": 1,
			"Id": 40,
			"IntervalCD": 0,
			"IsInitiative": 1,
			"Level": 1,
			"NameId": 3001042,
			"SkillIcon": "zhanshi_bskill_01",
			"SkillId": 1042,
			"SkillTotalTime": 4000,
			"SkillType": 2,
			"StartCD": 0,
			"blackMaskTime": 2000
		},
		{
			"Condition": "0",
			"ConditionParam": "0",
			"DescId": 4001052,
			"EffectId": [
				105201
			],
			"EffectTimeline": [
				0
			],
			"HeroLvl": 1,
			"Id": 41,
			"IntervalCD": 0,
			"IsInitiative": 1,
			"Level": 1,
			"NameId": 3001052,
			"SkillIcon": "youxia_bskill_02",
			"SkillId": 1052,
			"SkillTotalTime": 4000,
			"SkillType": 2,
			"StartCD": 0,
			"blackMaskTime": 2000
		},
		{
			"Condition": "0",
			"ConditionParam": "0",
			"DescId": 4001062,
			"EffectId": [
				106201,
				106202
			],
			"EffectTimeline": [
				600,
				0
			],
			"HeroLvl": 1,
			"Id": 42,
			"IntervalCD": 0,
			"IsInitiative": 1,
			"Level": 1,
			"NameId": 3001062,
			"SkillIcon": "mushi_bskill_03",
			"SkillId": 1062,
			"SkillTotalTime": 4000,
			"SkillType": 2,
			"StartCD": 0,
			"blackMaskTime": 2000
		},
		{
			"Condition": "0",
			"ConditionParam": "0",
			"DescId": 4001072,
			"EffectId": [
				107201
			],
			"EffectTimeline": [
				0
			],
			"HeroLvl": 1,
			"Id": 43,
			"IntervalCD": 0,
			"IsInitiative": 1,
			"Level": 1,
			"NameId": 3001072,
			"SkillIcon": "fashi_bskill_01",
			"SkillId": 1072,
			"SkillTotalTime": 4000,
			"SkillType": 2,
			"StartCD": 0,
			"blackMaskTime": 2000
		},
		{
			"Condition": "0",
			"ConditionParam": "0",
			"DescId": 4001082,
			"EffectId": [
				108201
			],
			"EffectTimeline": [
				0
			],
			"HeroLvl": 1,
			"Id": 44,
			"IntervalCD": 0,
			"IsInitiative": 1,
			"Level": 1,
			"NameId": 3001082,
			"SkillIcon": "youxia_bskill_03",
			"SkillId": 1082,
			"SkillTotalTime": 4000,
			"SkillType": 2,
			"StartCD": 0,
			"blackMaskTime": 2000
		},
		{
			"Condition": "0",
			"ConditionParam": "0",
			"DescId": 4001092,
			"EffectId": [
				109201,
				109202
			],
			"EffectTimeline": [
				0,
				600
			],
			"HeroLvl": 1,
			"Id": 45,
			"IntervalCD": 0,
			"IsInitiative": 1,
			"Level": 1,
			"NameId": 3001092,
			"SkillIcon": "mushi_bskill_04",
			"SkillId": 1092,
			"SkillTotalTime": 4000,
			"SkillType": 2,
			"StartCD": 0,
			"blackMaskTime": 2000
		},
		{
			"Condition": "0",
			"ConditionParam": "0",
			"DescId": 4001102,
			"EffectId": [
				110201,
				110202
			],
			"EffectTimeline": [
				0,
				1000
			],
			"HeroLvl": 1,
			"Id": 46,
			"IntervalCD": 0,
			"IsInitiative": 1,
			"Level": 1,
			"NameId": 3001102,
			"SkillIcon": "mushi_bskill_01",
			"SkillId": 1102,
			"SkillTotalTime": 4000,
			"SkillType": 2,
			"StartCD": 0,
			"blackMaskTime": 2000
		},
		{
			"Condition": "0",
			"ConditionParam": "0",
			"DescId": 4001112,
			"EffectId": [
				111201
			],
			"EffectTimeline": [
				0
			],
			"HeroLvl": 1,
			"Id": 47,
			"IntervalCD": 0,
			"IsInitiative": 1,
			"Level": 1,
			"NameId": 3001112,
			"SkillIcon": "fashi_bskill_02",
			"SkillId": 1112,
			"SkillTotalTime": 4000,
			"SkillType": 2,
			"StartCD": 0,
			"blackMaskTime": 2000
		},
		{
			"Condition": "0",
			"ConditionParam": "0",
			"DescId": 4001122,
			"EffectId": [
				112201
			],
			"EffectTimeline": [
				0
			],
			"HeroLvl": 1,
			"Id": 48,
			"IntervalCD": 0,
			"IsInitiative": 1,
			"Level": 1,
			"NameId": 3001122,
			"SkillIcon": "fashi_bskill_03",
			"SkillId": 1122,
			"SkillTotalTime": 4000,
			"SkillType": 2,
			"StartCD": 0,
			"blackMaskTime": 2000
		},
		{
			"Condition": "0",
			"ConditionParam": "0",
			"DescId": 4001132,
			"EffectId": [
				113201
			],
			"EffectTimeline": [
				0
			],
			"HeroLvl": 1,
			"Id": 49,
			"IntervalCD": 0,
			"IsInitiative": 1,
			"Level": 1,
			"NameId": 3001132,
			"SkillIcon": "zhanshi_bskill_02",
			"SkillId": 1132,
			"SkillTotalTime": 4000,
			"SkillType": 2,
			"StartCD": 0,
			"blackMaskTime": 2000
		},
		{
			"Condition": "0",
			"ConditionParam": "0",
			"DescId": 4001142,
			"EffectId": [
				114202,
				114201
			],
			"EffectTimeline": [
				0,
				1000
			],
			"HeroLvl": 1,
			"Id": 50,
			"IntervalCD": 0,
			"IsInitiative": 1,
			"Level": 1,
			"NameId": 3001142,
			"SkillIcon": "zhanshi_bskill_03",
			"SkillId": 1142,
			"SkillTotalTime": 4000,
			"SkillType": 2,
			"StartCD": 0,
			"blackMaskTime": 2000
		},
		{
			"Condition": "0",
			"ConditionParam": "0",
			"DescId": 4001152,
			"EffectId": [
				115201
			],
			"EffectTimeline": [
				0
			],
			"HeroLvl": 1,
			"Id": 51,
			"IntervalCD": 0,
			"IsInitiative": 1,
			"Level": 1,
			"NameId": 3001152,
			"SkillIcon": "youxia_bskill_04",
			"SkillId": 1152,
			"SkillTotalTime": 4000,
			"SkillType": 2,
			"StartCD": 0,
			"blackMaskTime": 2000
		},
		{
			"Condition": "0",
			"ConditionParam": "0",
			"DescId": 4001162,
			"EffectId": [
				116201,
				116202
			],
			"EffectTimeline": [
				0,
				1000
			],
			"HeroLvl": 1,
			"Id": 52,
			"IntervalCD": 0,
			"IsInitiative": 1,
			"Level": 1,
			"NameId": 3001162,
			"SkillIcon": "zhanshi_bskill_04",
			"SkillId": 1162,
			"SkillTotalTime": 4000,
			"SkillType": 2,
			"StartCD": 0,
			"blackMaskTime": 2000
		},
		{
			"Condition": "0",
			"ConditionParam": "0",
			"DescId": 4001172,
			"EffectId": [
				117201
			],
			"EffectTimeline": [
				0
			],
			"HeroLvl": 1,
			"Id": 53,
			"IntervalCD": 0,
			"IsInitiative": 1,
			"Level": 1,
			"NameId": 3001172,
			"SkillIcon": "zhanshi_bskill_01",
			"SkillId": 1172,
			"SkillTotalTime": 4000,
			"SkillType": 2,
			"StartCD": 0,
			"blackMaskTime": 2000
		},
		{
			"Condition": "0",
			"ConditionParam": "0",
			"DescId": 4001182,
			"EffectId": [
				118201,
				118202
			],
			"EffectTimeline": [
				0,
				600
			],
			"HeroLvl": 1,
			"Id": 54,
			"IntervalCD": 0,
			"IsInitiative": 1,
			"Level": 1,
			"NameId": 3001182,
			"SkillIcon": "youxia_bskill_01",
			"SkillId": 1182,
			"SkillTotalTime": 4000,
			"SkillType": 2,
			"StartCD": 0,
			"blackMaskTime": 2000
		},
		{
			"Condition": "0",
			"ConditionParam": "0",
			"DescId": 4001192,
			"EffectId": [
				119201,
				119202
			],
			"EffectTimeline": [
				0,
				600
			],
			"HeroLvl": 1,
			"Id": 55,
			"IntervalCD": 0,
			"IsInitiative": 1,
			"Level": 1,
			"NameId": 3001192,
			"SkillIcon": "zhanshi_bskill_02",
			"SkillId": 1192,
			"SkillTotalTime": 4000,
			"SkillType": 2,
			"StartCD": 0,
			"blackMaskTime": 2000
		},
		{
			"Condition": "0",
			"ConditionParam": "0",
			"DescId": 4001202,
			"EffectId": [
				120201
			],
			"EffectTimeline": [
				0
			],
			"HeroLvl": 1,
			"Id": 56,
			"IntervalCD": 0,
			"IsInitiative": 1,
			"Level": 1,
			"NameId": 3001202,
			"SkillIcon": "youxia_bskill_02",
			"SkillId": 1202,
			"SkillTotalTime": 4000,
			"SkillType": 2,
			"StartCD": 0,
			"blackMaskTime": 2000
		},
		{
			"Condition": "0",
			"ConditionParam": "0",
			"DescId": 4001212,
			"EffectId": [
				121202,
				121201
			],
			"EffectTimeline": [
				0,
				1000
			],
			"HeroLvl": 1,
			"Id": 57,
			"IntervalCD": 0,
			"IsInitiative": 1,
			"Level": 1,
			"NameId": 3001212,
			"SkillIcon": "mushi_bskill_02",
			"SkillId": 1212,
			"SkillTotalTime": 4000,
			"SkillType": 2,
			"StartCD": 0,
			"blackMaskTime": 2000
		},
		{
			"Condition": "0",
			"ConditionParam": "0",
			"DescId": 4001222,
			"EffectId": [
				122201
			],
			"EffectTimeline": [
				0
			],
			"HeroLvl": 1,
			"Id": 58,
			"IntervalCD": 0,
			"IsInitiative": 1,
			"Level": 1,
			"NameId": 3001222,
			"SkillIcon": "fashi_bskill_04",
			"SkillId": 1222,
			"SkillTotalTime": 4000,
			"SkillType": 2,
			"StartCD": 0,
			"blackMaskTime": 2000
		},
		{
			"Condition": "0",
			"ConditionParam": "0",
			"DescId": 4001232,
			"EffectId": [
				123201,
				123202
			],
			"EffectTimeline": [
				0,
				1000
			],
			"HeroLvl": 1,
			"Id": 59,
			"IntervalCD": 0,
			"IsInitiative": 1,
			"Level": 1,
			"NameId": 3001232,
			"SkillIcon": "zhanshi_bskill_03",
			"SkillId": 1232,
			"SkillTotalTime": 4000,
			"SkillType": 2,
			"StartCD": 0,
			"blackMaskTime": 2000
		},
		{
			"Condition": "0",
			"ConditionParam": "0",
			"DescId": 4001242,
			"EffectId": [
				124202,
				124201
			],
			"EffectTimeline": [
				0,
				1000
			],
			"HeroLvl": 1,
			"Id": 60,
			"IntervalCD": 0,
			"IsInitiative": 1,
			"Level": 1,
			"NameId": 3001242,
			"SkillIcon": "zhanshi_bskill_04",
			"SkillId": 1242,
			"SkillTotalTime": 4000,
			"SkillType": 2,
			"StartCD": 0,
			"blackMaskTime": 2000
		},
		{
			"Condition": "0",
			"ConditionParam": "0",
			"DescId": 4001252,
			"EffectId": [
				125201
			],
			"EffectTimeline": [
				0
			],
			"HeroLvl": 1,
			"Id": 61,
			"IntervalCD": 0,
			"IsInitiative": 1,
			"Level": 1,
			"NameId": 3001252,
			"SkillIcon": "youxia_bskill_03",
			"SkillId": 1252,
			"SkillTotalTime": 4000,
			"SkillType": 2,
			"StartCD": 0,
			"blackMaskTime": 2000
		},
		{
			"Condition": "0",
			"ConditionParam": "0",
			"DescId": 4001262,
			"EffectId": [
				126203,
				126204,
				126201,
				126202
			],
			"EffectTimeline": [
				0,
				1,
				2,
				3,
				4
			],
			"HeroLvl": 1,
			"Id": 62,
			"IntervalCD": 0,
			"IsInitiative": 1,
			"Level": 1,
			"NameId": 3001262,
			"SkillIcon": "zhanshi_bskill_01",
			"SkillId": 1262,
			"SkillTotalTime": 4000,
			"SkillType": 2,
			"StartCD": 0,
			"blackMaskTime": 2000
		},
		{
			"Condition": "0",
			"ConditionParam": "0",
			"DescId": 4001272,
			"EffectId": [
				127201
			],
			"EffectTimeline": [
				0
			],
			"HeroLvl": 1,
			"Id": 63,
			"IntervalCD": 0,
			"IsInitiative": 1,
			"Level": 1,
			"NameId": 3001272,
			"SkillIcon": "fashi_bskill_01",
			"SkillId": 1272,
			"SkillTotalTime": 4000,
			"SkillType": 2,
			"StartCD": 0,
			"blackMaskTime": 2000
		},
		{
			"Condition": "0",
			"ConditionParam": "0",
			"DescId": 4001282,
			"EffectId": [
				128201
			],
			"EffectTimeline": [
				0
			],
			"HeroLvl": 1,
			"Id": 64,
			"IntervalCD": 0,
			"IsInitiative": 1,
			"Level": 1,
			"NameId": 3001282,
			"SkillIcon": "youxia_bskill_04",
			"SkillId": 1282,
			"SkillTotalTime": 4000,
			"SkillType": 2,
			"StartCD": 0,
			"blackMaskTime": 2000
		},
		{
			"Condition": "0",
			"ConditionParam": "0",
			"DescId": 4001292,
			"EffectId": [
				129201,
				129202
			],
			"EffectTimeline": [
				0,
				600
			],
			"HeroLvl": 1,
			"Id": 65,
			"IntervalCD": 0,
			"IsInitiative": 1,
			"Level": 1,
			"NameId": 3001292,
			"SkillIcon": "mushi_bskill_03",
			"SkillId": 1292,
			"SkillTotalTime": 4000,
			"SkillType": 2,
			"StartCD": 0,
			"blackMaskTime": 2000
		},
		{
			"Condition": "0",
			"ConditionParam": "0",
			"DescId": 4001302,
			"EffectId": [
				130201
			],
			"EffectTimeline": [
				0
			],
			"HeroLvl": 1,
			"Id": 66,
			"IntervalCD": 0,
			"IsInitiative": 1,
			"Level": 1,
			"NameId": 3001302,
			"SkillIcon": "zhanshi_bskill_02",
			"SkillId": 1302,
			"SkillTotalTime": 4000,
			"SkillType": 2,
			"StartCD": 0,
			"blackMaskTime": 2000
		},
		{
			"Condition": "0",
			"ConditionParam": "0",
			"DescId": 4001312,
			"EffectId": [
				131201,
				131202
			],
			"EffectTimeline": [
				0,
				1000
			],
			"HeroLvl": 1,
			"Id": 67,
			"IntervalCD": 0,
			"IsInitiative": 1,
			"Level": 1,
			"NameId": 3001312,
			"SkillIcon": "mushi_bskill_04",
			"SkillId": 1312,
			"SkillTotalTime": 4000,
			"SkillType": 2,
			"StartCD": 0,
			"blackMaskTime": 2000
		},
		{
			"Condition": "0",
			"ConditionParam": "0",
			"DescId": 4001322,
			"EffectId": [
				132201
			],
			"EffectTimeline": [
				0
			],
			"HeroLvl": 1,
			"Id": 68,
			"IntervalCD": 0,
			"IsInitiative": 1,
			"Level": 1,
			"NameId": 3001322,
			"SkillIcon": "fashi_bskill_02",
			"SkillId": 1322,
			"SkillTotalTime": 4000,
			"SkillType": 2,
			"StartCD": 0,
			"blackMaskTime": 2000
		},
		{
			"Condition": "0",
			"ConditionParam": "0",
			"DescId": 4001332,
			"EffectId": [
				133201
			],
			"EffectTimeline": [
				0
			],
			"HeroLvl": 1,
			"Id": 69,
			"IntervalCD": 0,
			"IsInitiative": 1,
			"Level": 1,
			"NameId": 3001332,
			"SkillIcon": "fashi_bskill_03",
			"SkillId": 1332,
			"SkillTotalTime": 4000,
			"SkillType": 2,
			"StartCD": 0,
			"blackMaskTime": 2000
		},
		{
			"Condition": "0",
			"ConditionParam": "0",
			"DescId": 4001342,
			"EffectId": [
				134201
			],
			"EffectTimeline": [
				0
			],
			"HeroLvl": 1,
			"Id": 70,
			"IntervalCD": 0,
			"IsInitiative": 1,
			"Level": 1,
			"NameId": 3001342,
			"SkillIcon": "mushi_bskill_01",
			"SkillId": 1342,
			"SkillTotalTime": 4000,
			"SkillType": 2,
			"StartCD": 0,
			"blackMaskTime": 2000
		},
		{
			"Condition": "0",
			"ConditionParam": "0",
			"DescId": 4001352,
			"EffectId": [
				135201
			],
			"EffectTimeline": [
				0
			],
			"HeroLvl": 1,
			"Id": 71,
			"IntervalCD": 0,
			"IsInitiative": 1,
			"Level": 1,
			"NameId": 3001352,
			"SkillIcon": "youxia_bskill_01",
			"SkillId": 1352,
			"SkillTotalTime": 4000,
			"SkillType": 2,
			"StartCD": 0,
			"blackMaskTime": 2000
		},
		{
			"Condition": "0",
			"ConditionParam": "0",
			"DescId": 4001362,
			"EffectId": [
				136201
			],
			"EffectTimeline": [
				0
			],
			"HeroLvl": 1,
			"Id": 72,
			"IntervalCD": 0,
			"IsInitiative": 1,
			"Level": 1,
			"NameId": 3001362,
			"SkillIcon": "fashi_bskill_04",
			"SkillId": 1362,
			"SkillTotalTime": 4000,
			"SkillType": 2,
			"StartCD": 0,
			"blackMaskTime": 2000
		}
	]
}